fall,0.6051993370056152,0.430158257484436,0.327485978603363,0.6119589805603027,0.4250152111053467,0.3092556893825531,0.6116597652435303,0.4248156249523163,0.3094382584095001,0.6116111874580383,0.4246227443218231,0.3091807961463928,0.6147992610931396,0.4275951981544494,0.3323623538017273,0.6167043447494507,0.4288234114646911,0.3323700428009033,0.6184785962104797,0.4302479028701782,0.3322024941444397,0.6140307188034058,0.4328112006187439,0.2196180671453476,0.6248356103897095,0.4406459331512451,0.3269101083278656,0.6018389463424683,0.4387165606021881,0.2961581945419311,0.6035584211349487,0.4402212798595428,0.3275106549263,0.5798009634017944,0.4659991562366485,0.121888093650341,0.6282559633255005,0.489525705575943,0.3074933588504791,0.5552514791488647,0.4125688672065735,0.120593748986721,0.6495159864425659,0.4526413679122925,0.4075752794742584,0.5897911190986633,0.3390575647354126,0.1397352665662765,0.6850012540817261,0.3777384757995605,0.4258726239204407,0.5937178134918213,0.3161731958389282,0.1121015846729278,0.7044912576675415,0.3596582412719726,0.4172731041908264,0.6124492883682251,0.3190625011920929,0.1224018186330795,0.696581244468689,0.3513408899307251,0.3914238214492798,0.6129610538482666,0.3298622071743011,0.140503391623497,0.685901403427124,0.357754111289978,0.4123846590518951,0.4586304724216461,0.5693527460098267,-0.0636238306760788,0.4803855121135711,0.5831526517868042,0.0637956485152244,0.3548782467842102,0.6720399260520935,-0.2201869189739227,0.319277286529541,0.6593526005744934,-0.077877439558506,0.2328604310750961,0.7898572087287903,-0.3763631284236908,0.1555787920951843,0.7494664192199707,-0.2339651584625244,0.2245231121778488,0.8095463514328003,-0.3960946202278137,0.1317057907581329,0.7642091512680054,-0.2540530562400818,0.1728579998016357,0.8093130588531494,-0.4789257347583771,0.1066229939460754,0.759002685546875,-0.3405722975730896
fall,0.6203177571296692,0.4501867592334747,0.4484796524047851,0.6305690407752991,0.4461127519607544,0.4857921004295349,0.6318072080612183,0.4490874111652374,0.4859103858470917,0.6333073377609253,0.4519178867340088,0.4856453537940979,0.6255310773849487,0.4372726082801819,0.4644229114055633,0.6234461665153503,0.4335899949073791,0.4642230868339538,0.6211351156234741,0.4300162196159363,0.46397665143013,0.6252688765525818,0.4530746042728424,0.6309105157852173,0.60849928855896,0.4237237870693207,0.5415464639663696,0.6090708374977112,0.4596587419509887,0.5004231929779053,0.6029848456382751,0.4488456845283508,0.4737911820411682,0.5988091826438904,0.503441572189331,0.6636401414871216,0.5391438603401184,0.423575758934021,0.4070581197738647,0.6205834746360779,0.5521636009216309,0.6140939593315125,0.5809406638145447,0.4781396090984344,0.2910387814044952,0.6477483510971069,0.4922660291194916,0.6371625661849976,0.7036963701248169,0.4789793491363525,0.4329118430614471,0.6555758118629456,0.4757567942142486,0.6135565638542175,0.7375614643096924,0.4799590706825256,0.4276434183120727,0.6593652963638306,0.4725465476512909,0.6470189094543457,0.7325253486633301,0.4688825011253357,0.4424367249011993,0.652696967124939,0.4774164259433746,0.6403565406799316,0.7191272974014282,0.4712906181812286,0.442663311958313,0.4886073768138885,0.5882099866867065,0.0680865123867988,0.4267290830612182,0.54459547996521,-0.0679886415600776,0.4524738788604736,0.7088463306427002,-0.2900361716747284,0.3436269164085388,0.6591764092445374,-0.298872709274292,0.3738663792610168,0.866068959236145,-0.4489964544773102,0.1984792053699493,0.7892124652862549,-0.4501558840274811,0.3479849994182586,0.8844550848007202,-0.4691633880138397,0.1705927848815918,0.8032276034355164,-0.4710403084754944,0.3817014098167419,0.9240612387657166,-0.6013840436935425,0.1887982189655304,0.8491563200950623,-0.6091854572296143
fall,0.4243973791599273,0.447810411453247,0.3791693747043609,0.4301542043685913,0.4399783015251159,0.4061109125614166,0.4328435659408569,0.4410767257213592,0.4059367775917053,0.4356282949447632,0.4419779777526855,0.4056016504764557,0.4212705790996551,0.4353962540626526,0.3853774964809418,0.4181022047996521,0.4331931471824646,0.3854056596755981,0.4149047434329986,0.4311196208000183,0.3853574395179748,0.4339360296726227,0.4415339827537536,0.5188630819320679,0.4052923023700714,0.4275234341621399,0.4315255880355835,0.4238396286964416,0.4569210410118103,0.4212183058261871,0.413570761680603,0.4521082043647766,0.3950135707855224,0.4398850202560425,0.4858491718769073,0.5771821737289429,0.3604213297367096,0.4349003136157989,0.2903981506824493,0.5052840709686279,0.5381819605827332,0.541869044303894,0.4350243508815765,0.4818853139877319,0.1969084739685058,0.5199459195137024,0.4987295567989349,0.4454313516616821,0.5274720788002014,0.4712527692317962,0.2587985098361969,0.5309484601020813,0.4903781414031982,0.4058690369129181,0.549736738204956,0.4728472232818603,0.2416764497756958,0.5268353223800659,0.4791367053985595,0.4135439693927765,0.5503661036491394,0.4664493203163147,0.2378684133291244,0.5191645622253418,0.4831394553184509,0.436480700969696,0.5405017733573914,0.469920665025711,0.2613040804862976,0.4090250432491302,0.5933138132095337,0.0880143642425537,0.3443141579627991,0.5751298069953918,-0.0877538323402404,0.4909082949161529,0.7137554883956909,-0.2180718928575515,0.3827465176582336,0.6964000463485718,-0.2969719767570495,0.5491005182266235,0.8694839477539062,-0.3485036790370941,0.3497254550457001,0.8541074395179749,-0.4284029006958008,0.5354807376861572,0.8994770050048828,-0.3671149611473083,0.332713633775711,0.8805357217788696,-0.4451171159744262,0.6270122528076172,0.8999953269958496,-0.4938639402389526,0.3990848064422607,0.8974835872650146,-0.5788298845291138
fall,0.201687142252922,0.4715530276298523,0.4574156403541565,0.1938086897134781,0.4659314751625061,0.4623636901378631,0.1920315623283386,0.4679528176784515,0.462417721748352,0.1903163939714431,0.4697983562946319,0.4620499312877655,0.1954398900270462,0.460279643535614,0.4257269501686096,0.1944036483764648,0.4581691920757293,0.4258332252502441,0.1933459490537643,0.4561329483985901,0.4258460998535156,0.1786350756883621,0.4761173725128174,0.4599856734275818,0.1833523213863372,0.4578940868377685,0.2979682087898254,0.1980643421411514,0.4834643006324768,0.4605953097343445,0.1982305645942688,0.4771813154220581,0.4128080308437347,0.1772574782371521,0.5501586198806763,0.4690368771553039,0.1783691644668579,0.4831738770008087,0.0864148214459419,0.240481749176979,0.5986217856407166,0.4666032791137695,0.2774239778518677,0.4908196032047272,-0.0464708805084228,0.2839051187038421,0.5972045660018921,0.3240236937999725,0.3249054849147796,0.4625948667526245,-0.0582514442503452,0.2946107983589172,0.5973753929138184,0.3226045668125152,0.3339915573596954,0.4544578790664673,-0.067834585905075,0.2968742847442627,0.5901866555213928,0.3037551045417785,0.3267716765403747,0.4580397009849548,-0.048861775547266,0.2919574677944183,0.5877944827079773,0.3113555908203125,0.3239445984363556,0.4639148712158203,-0.0472644306719303,0.3064682185649872,0.6684626936912537,0.1342177540063858,0.320559561252594,0.6368534564971924,-0.1338771730661392,0.5162712335586548,0.7417896389961243,0.0036167472135275,0.5606876611709595,0.6813657283782959,-0.2197861969470977,0.6820676922798157,0.8461288213729858,-0.1433434337377548,0.7796149253845215,0.7565455436706543,-0.4039362370967865,0.6923838257789612,0.8718172311782837,-0.1634979844093322,0.7994979619979858,0.7847115397453308,-0.4197716116905212,0.7592916488647461,0.8406789302825928,-0.2198196053504943,0.8588988780975342,0.7323878407478333,-0.4805456697940826
fall,0.1770298182964325,0.4807039499282837,0.1834209710359573,0.1717027723789215,0.4611870050430298,0.2116140276193618,0.1772889494895935,0.4569069743156433,0.2112969905138015,0.1827365159988403,0.4524233341217041,0.2111889570951461,0.1552064418792724,0.4727901518344879,0.2102865427732467,0.1481274664402008,0.4765406548976898,0.2102397978305816,0.1411908566951751,0.4804676175117492,0.2096189558506012,0.1940063834190368,0.4511331617832184,0.3823674023151397,0.1357467472553253,0.4879769682884216,0.3702148199081421,0.1996103227138519,0.4847776293754577,0.2444093525409698,0.1771625578403473,0.499597817659378,0.2399027496576309,0.2918568253517151,0.4691553115844726,0.3700453042984009,0.1768718063831329,0.5722084045410156,0.4618854820728302,0.3358201384544372,0.4996238052845001,0.4008781313896179,0.0602199733257293,0.5576709508895874,0.609483540058136,0.2152925282716751,0.5306663513183594,0.495386928319931,0.1200791299343109,0.5262569189071655,1.0487231016159058,0.1808083653450012,0.5397040843963623,0.481091558933258,0.1292955875396728,0.5128867626190186,1.0925520658493042,0.187356561422348,0.5339809060096741,0.5106547474861145,0.1461790204048156,0.5264273285865784,1.1046985387802124,0.1979084610939026,0.5347481369972229,0.5022016167640686,0.1492641866207122,0.5302780270576477,1.0519932508468628,0.4820004403591156,0.6158106327056885,-0.0102932564914226,0.4196962118148803,0.696648359298706,0.0108651388436555,0.7225119471549988,0.726172924041748,-0.1747531294822693,0.6009508967399597,0.8486232757568359,-0.2928912937641144,0.9672303795814514,0.825635552406311,-0.2753905355930328,0.8927760124206543,0.9223523139953612,-0.3504687249660492,0.9968051314353944,0.8395525217056274,-0.29301518201828,0.9467464685440063,0.9107751846313475,-0.3606400489807129,1.0586249828338623,0.8700594902038574,-0.4900529682636261,0.9495508670806884,1.0067204236984253,-0.5301048159599304
fall,0.1858500689268112,0.6058053374290466,-0.4737390577793121,0.1655164062976837,0.6105376482009888,-0.4937837123870849,0.1619278788566589,0.6123495697975159,-0.4938703179359436,0.1580481231212616,0.6138145327568054,-0.4940534830093384,0.1750521957874298,0.611717700958252,-0.5408868193626404,0.1772861331701278,0.6151416897773743,-0.5408878326416016,0.1797279268503189,0.6185368299484253,-0.5409881472587585,0.1534021198749542,0.6338691711425781,-0.4757857322692871,0.1812521070241928,0.6441760659217834,-0.6818633675575256,0.1966687887907028,0.6179283857345581,-0.4462501108646393,0.2028766721487045,0.6189245581626892,-0.5061248540878296,0.1897290796041488,0.6931913495063782,-0.305422842502594,0.283790647983551,0.677919328212738,-0.6513213515281677,0.2668978869915008,0.6324477791786194,0.0275572650134563,0.3865216076374054,0.5831851959228516,-0.530537486076355,0.2610299289226532,0.567844569683075,0.1610766351222992,0.3143976032733917,0.5325109362602234,-0.3305392265319824,0.2576210796833038,0.5512017011642456,0.180153340101242,0.3035826683044433,0.5174325704574585,-0.3728309273719787,0.2573318779468536,0.5453556776046753,0.1293480694293975,0.285729318857193,0.5352962613105774,-0.3766065835952759,0.265963613986969,0.5528375506401062,0.1436799764633178,0.2851176559925079,0.5409500598907471,-0.3317992091178894,0.3952441215515136,0.6403118968009949,0.1181917190551757,0.4549638330936432,0.6354525089263916,-0.1176366060972213,0.4188665747642517,0.5306535363197327,0.471615731716156,0.5226088762283325,0.5323361754417419,0.3327773213386535,0.5097792148590088,0.4658286571502685,0.9419184327125548,0.5899738669395447,0.471116304397583,0.8193280100822449,0.5383546948432922,0.4677806794643402,0.9879319667816162,0.6131287813186646,0.4732671678066253,0.8703051805496216,0.4917840957641601,0.4113078415393829,0.9552410244941713,0.5694839954376221,0.4129484295845032,0.8261789679527283
fall,0.3629231750965118,0.6898645758628845,-0.7706067562103271,0.3491177260875702,0.7106912732124329,-0.8099431395530701,0.341692566871643,0.7129800319671631,-0.8098869919776917,0.3340372145175934,0.7154277563095093,-0.8099237680435181,0.3738705813884735,0.7102706432342529,-0.8446303009986877,0.3855171501636505,0.713060200214386,-0.8445023894309998,0.3971530497074127,0.7155064344406128,-0.8449196815490723,0.3361793756484985,0.7349931001663208,-0.7575615048408508,0.4346143305301666,0.7359635829925537,-0.9154067039489746,0.3679469227790832,0.686972975730896,-0.7213259935379028,0.3926855325698852,0.6881115436553955,-0.7666720151901245,0.3376693427562713,0.7338408827781677,-0.5515557527542114,0.5342237949371338,0.714309573173523,-0.7703360319137573,0.2974909245967865,0.656816840171814,-0.2008061707019806,0.4859974980354309,0.6158627867698669,-0.5406854152679443,0.3701570630073547,0.6075187921524048,-0.1012312695384025,0.3401995897293091,0.6471933126449585,-0.2928929328918457,0.379876434803009,0.5873094797134399,-0.1087099462747573,0.2971963882446289,0.6507062911987305,-0.3092724978923797,0.3913958370685577,0.5964142680168152,-0.1236459463834762,0.3096317648887634,0.6685933470726013,-0.313337117433548,0.3961811363697052,0.6049576997756958,-0.1053465232253074,0.3220872581005096,0.6705329418182373,-0.2882128059864044,0.3791987895965576,0.565318763256073,0.0672795698046684,0.4750435054302215,0.5484215617179871,-0.0665955767035484,0.3217393159866333,0.4761233925819397,0.4321886599063873,0.4307229220867157,0.434834212064743,0.2764828205108642,0.3066151738166809,0.4034709930419922,0.9530192017555236,0.38399538397789,0.38717120885849,0.895903468132019,0.3229344487190246,0.3928771615028381,1.0071971416473389,0.3815099596977234,0.3850917816162109,0.9631729125976562,0.2501148581504822,0.3559174835681915,0.977163314819336,0.3502629995346069,0.3329684138298034,0.9286434054374696
fall,0.6355987787246704,0.3931410014629364,-0.021105358377099,0.6525686979293823,0.3842446208000183,-0.0458154156804084,0.6574445962905884,0.3850908279418945,-0.0458665639162063,0.6626163721084595,0.3860314488410949,-0.0459434129297733,0.646747887134552,0.3827622532844543,0.0051312264986336,0.6472020149230957,0.382386565208435,0.0052616917528212,0.6475600004196167,0.3821011781692505,0.0053327875211834,0.687798023223877,0.3950842320919037,-0.1042193099856376,0.6691380143165588,0.3889780044555664,0.1371167302131652,0.6457008719444275,0.407548725605011,-0.0403648614883422,0.6384754180908203,0.4059122800827026,0.0299696717411279,0.7072243094444275,0.4619898200035095,-0.2413748204708099,0.6406038999557495,0.4472319781780243,0.2680681347846985,0.5685831308364868,0.4781095683574676,-0.3275247514247894,0.5148563981056213,0.4800867438316345,0.3036978542804718,0.4205450713634491,0.4322443604469299,-0.2880450487136841,0.3831480145454407,0.4714869558811188,0.1660078018903732,0.3827835321426391,0.4253422319889068,-0.3208395838737488,0.3496473431587219,0.4703594744205475,0.1685818582773208,0.3920607566833496,0.4140770435333252,-0.3147851228713989,0.3523091673851013,0.4640830457210541,0.119061142206192,0.4042407274246216,0.4174826145172119,-0.2790156900882721,0.367261677980423,0.4667722582817077,0.1410155594348907,0.4925649464130401,0.5798165798187256,-0.1563832610845565,0.4607348144054413,0.5540096759796143,0.1566876620054245,0.2605201601982116,0.5564702153205872,-0.2387388348579406,0.2498038709163665,0.5429571866989136,0.0652452558279037,0.0976931452751159,0.680492639541626,-0.1224555075168609,0.0878062844276428,0.6610720753669739,0.1659245193004608,0.0961212515830993,0.7075470089912415,-0.107364647090435,0.0857759714126586,0.6896829605102539,0.1700540482997894,-0.0078309178352355,0.6886021494865417,-0.1829400509595871,-0.0141401290893554,0.6754255890846252,0.065278984606266
fall,0.6583918333053589,0.4692446589469909,0.0456385463476181,0.6781108379364014,0.4639953374862671,0.0059828190132975,0.6815831661224365,0.464973509311676,0.0059614377096295,0.6852965354919434,0.4660993218421936,0.0059700654819607,0.6761828660964966,0.4639502167701721,0.0722592249512672,0.6779874563217163,0.4648034572601318,0.0723451822996139,0.6796802878379822,0.4657654762268066,0.0723814889788627,0.7055345773696899,0.4782964587211609,-0.1075439304113388,0.6989319324493408,0.4779864549636841,0.1984281241893768,0.659999668598175,0.4827515482902527,0.0093917259946465,0.6575467586517334,0.4829197525978088,0.0979693755507469,0.6790478229522705,0.5390720367431641,-0.2810508608818054,0.6489590406417847,0.530707836151123,0.3476314544677734,0.532173752784729,0.5325642228126526,-0.3642666041851043,0.5144547820091248,0.5302714109420776,0.4354326725006103,0.4023643434047699,0.4921831786632538,-0.223204955458641,0.3885206878185272,0.5147550106048584,0.2967733144760132,0.3765318691730499,0.4846620559692383,-0.2527752816677093,0.3579371571540832,0.5107951760292053,0.2799383997917175,0.3831024169921875,0.4790371656417846,-0.2336141169071197,0.3679480254650116,0.510058581829071,0.2438158094882965,0.3938376307487488,0.4832337498664856,-0.2080452740192413,0.3803968429565429,0.5102843046188354,0.2731346786022186,0.4339748919010162,0.6263927817344666,-0.192948430776596,0.4246537983417511,0.609474241733551,0.1935057491064071,0.23692487180233,0.5753005743026733,-0.2296647727489471,0.2302928566932678,0.5654187798500061,0.192114770412445,0.0769377648830413,0.6746541857719421,-0.0075959605164825,0.0752834677696228,0.6462113261222839,0.3729304075241089,0.0704958736896514,0.701821506023407,0.0176414176821708,0.0684141218662262,0.67179936170578,0.3829765617847442,-0.0129690766334533,0.6657708287239075,-0.0388103649020195,-0.0114467442035675,0.6451888084411621,0.287693977355957
fall,0.5708116888999939,0.2684813439846039,-0.6615312099456787,0.6003203988075256,0.2359996140003204,-0.6957892179489136,0.6159454584121704,0.2351448237895965,-0.6957989931106567,0.631732702255249,0.2340413331985473,-0.6959351897239685,0.5614194273948669,0.2336787283420562,-0.6820842027664185,0.5477480292320251,0.2302756011486053,-0.6820154190063477,0.5340949296951294,0.2271459102630615,-0.682061493396759,0.6662782430648804,0.2185739576816558,-0.5972317457199097,0.5265290141105652,0.2080985605716705,-0.522221028804779,0.5986959338188171,0.2779387831687927,-0.5951026082038879,0.5529771447181702,0.2743308246135711,-0.5732589364051819,0.7779653668403625,0.2756447494029999,-0.4105277955532074,0.4492180347442627,0.2535319626331329,-0.3244196474552154,0.8085566759109497,0.4135004878044128,-0.1990240812301635,0.3988205790519714,0.3794621229171753,-0.0961178168654441,0.732670247554779,0.4794554710388183,-0.1483928710222244,0.3519935607910156,0.4430013298988342,-0.175359696149826,0.718035876750946,0.4981529414653778,-0.1515771299600601,0.32725390791893,0.4606339633464813,-0.1950155198574066,0.7053918838500977,0.4823571443557739,-0.1735947132110595,0.3388634324073791,0.4559058547019958,-0.2676474452018738,0.6978160738945007,0.4748045802116394,-0.1512343287467956,0.36760413646698,0.4537224173545837,-0.2056754678487777,0.6900916695594788,0.5333382487297058,-0.0495694577693939,0.5225610733032227,0.5284171104431152,0.0503901466727256,0.708997905254364,0.7322908639907837,-0.131651684641838,0.5172715783119202,0.7006859183311462,-0.1037631332874298,0.7628238797187805,0.9176145792007446,0.0293069835752248,0.6325370669364929,0.8736578822135925,0.1537758409976959,0.7741951942443848,0.9401193261146544,0.0376249738037586,0.6737688779830933,0.8906621336936951,0.1735168695449829,0.7390866875648499,1.0136945247650146,-0.1659207791090011,0.5996220707893372,0.9724016189575196,0.0241472441703081
fall,0.3470168709754944,0.1272541284561157,0.0011722637573257,0.3455373644828796,0.1121509075164794,0.0391406752169132,0.3513118922710418,0.1126742660999298,0.0391892865300178,0.3572114109992981,0.1129688322544097,0.0388960838317871,0.3243482112884521,0.1104096472263336,-0.0041922139935195,0.3140394985675812,0.1095327138900756,-0.0044190324842929,0.3037807941436767,0.1086801588535308,-0.004634793382138,0.3368895351886749,0.120950162410736,0.2300294488668441,0.2682827115058899,0.1159817576408386,0.037712313234806,0.3456491231918335,0.1455000936985016,0.0770737901329994,0.3181068897247314,0.143203854560852,0.019520316272974,0.3530971705913543,0.202486976981163,0.3225620985031128,0.1896235346794128,0.2053956538438797,-0.0675185546278953,0.4313982427120209,0.3099111318588257,0.3249472677707672,0.2943723201751709,0.3058109581470489,-0.1895868331193924,0.5309612154960632,0.3709580898284912,0.1463683694601059,0.4631223678588867,0.3236798644065857,-0.1968929320573806,0.5650548338890076,0.3887486457824707,0.1219162419438362,0.5037533640861511,0.3345966935157776,-0.2294448614120483,0.570878267288208,0.3823461830615997,0.0747966766357421,0.5095920562744141,0.32374107837677,-0.2234867364168167,0.5521899461746216,0.3793754875659942,0.1143635809421539,0.4941116273403168,0.3224697709083557,-0.1903050690889358,0.449977695941925,0.3984400331974029,0.1071202084422111,0.3611829876899719,0.427949458360672,-0.1066565960645675,0.6538553237915039,0.5322019457817078,-0.1116023361682891,0.575453519821167,0.5840851664543152,-0.2331399172544479,0.7995995283126831,0.7160364985466003,-0.2112719565629959,0.745980441570282,0.7589942216873169,-0.3561922013759613,0.7947108745574951,0.75079345703125,-0.2269905507564544,0.7483277320861816,0.7906882762908936,-0.3774168193340301,0.9222643375396729,0.7495070695877075,-0.3819440603256225,0.8680243492126465,0.7907435894012451,-0.572867751121521
fall,0.180904358625412,0.2582424879074096,-0.1510457843542099,0.1579076647758484,0.2579243183135986,-0.1307549029588699,0.1580581665039062,0.2534456253051758,-0.1306943893432617,0.158114343881607,0.2485875636339187,-0.1308351904153823,0.1543375253677368,0.2764437198638916,-0.1730528473854065,0.1514533758163452,0.2866931855678558,-0.1732815951108932,0.1486112177371978,0.2968520224094391,-0.1735090464353561,0.1539901793003082,0.2785447835922241,-6.417059921659529e-05,0.1427747309207916,0.3430395126342773,-0.1877801120281219,0.1947174370288849,0.2722844779491424,-0.0944093018770217,0.1895232200622558,0.2971119284629822,-0.1500311195850372,0.2339105308055877,0.3006077110767364,0.1033795848488807,0.2139468193054199,0.4788016378879547,-0.2240314781665802,0.3704122304916382,0.2885544300079345,0.1546958088874817,0.3781163990497589,0.4849040806293487,-0.267292708158493,0.457481324672699,0.2478100657463073,0.004819321911782,0.4520459175109863,0.3137617111206054,-0.2391948997974395,0.4885482788085937,0.2356961965560913,-0.0190009251236915,0.4804775416851043,0.2752334475517273,-0.2678096294403076,0.4795758128166199,0.2300657331943512,-0.0556011646986007,0.4635258913040161,0.2556802630424499,-0.2578003108501434,0.4684998393058777,0.2433520555496215,-0.0182811003178358,0.4535642862319946,0.2712297439575195,-0.2304387390613556,0.4736265838146209,0.3349987268447876,0.090205579996109,0.478056937456131,0.4478497505187988,-0.0899930670857429,0.6803854703903198,0.2678386569023132,0.0282699204981327,0.6921842694282532,0.3677973747253418,-0.1141432896256446,0.874826192855835,0.2441513389348983,0.032656479626894,0.8900960683822632,0.3187690079212188,-0.0837113559246063,0.903750777244568,0.2672702670097351,0.0272025745362043,0.9152581691741944,0.3386803567409515,-0.0882037058472633,0.9443733096122742,0.1508633494377136,-0.098456747829914,0.9701414704322816,0.2180893570184707,-0.2366379499435424
fall,0.2529573738574981,0.5602592825889587,-0.4122994840145111,0.2330018281936645,0.5773506164550781,-0.4051975905895233,0.230858027935028,0.5737495422363281,-0.4052035808563232,0.2284480333328247,0.5699029564857483,-0.4052251875400543,0.2397234141826629,0.5942561626434326,-0.4415138065814972,0.2424589097499847,0.6045982241630554,-0.4416592419147491,0.2452495694160461,0.6149196624755859,-0.4417086839675903,0.2363232970237732,0.5967472791671753,-0.2924769818782806,0.2598130702972412,0.6585193276405334,-0.4536514580249786,0.2700547575950622,0.561133086681366,-0.357075423002243,0.2770223319530487,0.5837627649307251,-0.4044378995895386,0.2816787660121918,0.5675023198127747,-0.1656560450792312,0.4018829464912414,0.6919606924057007,-0.4057784080505371,0.360504686832428,0.4313631951808929,0.0040943752974271,0.5201563239097595,0.5009549260139465,-0.3777333498001098,0.4080609679222107,0.3271007537841797,-0.074080616235733,0.4425655007362366,0.3556762933731079,-0.2772298157215118,0.4225846529006958,0.2925613522529602,-0.0841840207576751,0.4279888272285461,0.3045017719268799,-0.3023472428321838,0.4221453070640564,0.291440486907959,-0.1337678134441375,0.4091186225414276,0.333730936050415,-0.3090386688709259,0.425320953130722,0.3121167421340942,-0.096010036766529,0.4110696911811828,0.3520491123199463,-0.2763538062572479,0.4923371374607086,0.4024328589439392,0.0653465092182159,0.5679441690444946,0.4657573997974396,-0.0649163201451301,0.5729324817657471,0.1713961660861969,0.0971533134579658,0.6485835313796997,0.252950519323349,0.0379887260496616,0.6575563549995422,0.0608425140380859,0.370981752872467,0.7220864295959473,0.0818987786769867,0.2834369242191314,0.6820903420448303,0.0613369941711425,0.3942809104919433,0.7419524788856506,0.0704683065414428,0.3018907904624939,0.6657840013504028,-0.0391874611377716,0.3142331838607788,0.729253888130188,-0.0275900363922119,0.1830996870994568
fall,0.501895546913147,0.7372969388961792,-0.5352808833122253,0.5093018412590027,0.7702345848083496,-0.5467047691345215,0.5069876909255981,0.7751827239990234,-0.5467686057090759,0.5044907331466675,0.7805113196372986,-0.5470212697982788,0.5216869115829468,0.7594772577285767,-0.5734054446220398,0.5290971398353577,0.7573562860488892,-0.5734478831291199,0.536441445350647,0.7549246549606323,-0.5735690593719482,0.5218303799629211,0.796582818031311,-0.4759386777877807,0.5710419416427612,0.7597683668136597,-0.5969753265380859,0.5067490935325623,0.7310458421707153,-0.4932993352413177,0.5212281942367554,0.7212854027748108,-0.5282876491546631,0.4920651614665985,0.7914749979972839,-0.346416175365448,0.6382562518119812,0.622557520866394,-0.4907116889953613,0.3943726122379303,0.7069922089576721,-0.0818721204996109,0.5331463813781738,0.4532703161239624,-0.3833746016025543,0.3604008853435516,0.6142364144325256,0.0795753523707389,0.4265825152397156,0.5531102418899536,-0.1968284249305725,0.3471296727657318,0.5914994478225708,0.1245070472359657,0.3857671618461609,0.5760992765426636,-0.1860974580049514,0.3523209691047668,0.589573860168457,0.1026852652430534,0.4146155714988708,0.6015355587005615,-0.1841496527194976,0.3658260703086853,0.5913880467414856,0.0790751725435257,0.4261992275714874,0.6003820300102234,-0.1882562190294265,0.4310877323150635,0.5187192559242249,0.0477705635130405,0.5007864236831665,0.4257467985153198,-0.047949843108654,0.3076196014881134,0.3999182283878326,0.2283052206039428,0.3657081723213196,0.3100842237472534,0.1947735548019409,0.2315437644720077,0.2902216911315918,0.4910520017147064,0.2691014409065246,0.2261348068714141,0.4980285167694092,0.2337833046913147,0.2601804137229919,0.5150260329246521,0.264496237039566,0.2089762687683105,0.5270333290100098,0.1557101905345916,0.2651450634002685,0.434628963470459,0.1992236375808715,0.1890818476676941,0.4359478056430816
fall,0.429794043302536,0.6213533282279968,-1.1221688985824585,0.4093275070190429,0.6513288021087646,-1.1361225843429563,0.3971865773200989,0.6533759236335754,-1.1363486051559448,0.384830117225647,0.6555684208869934,-1.1365208625793457,0.4447974562644958,0.6516952514648438,-1.1561323404312134,0.4595193564891815,0.6547936797142029,-1.1559453010559082,0.474273145198822,0.6576182842254639,-1.1559866666793823,0.3782618939876556,0.6777769923210144,-0.96152001619339,0.5084788203239441,0.6820193529129028,-1.0568732023239136,0.42239910364151,0.6187998056411743,-1.0291146039962769,0.4634681642055511,0.6207448840141296,-1.0559862852096558,0.332093596458435,0.658776581287384,-0.7072550654411316,0.6304746866226196,0.6346283555030823,-0.8661257028579712,0.2650789618492126,0.53779536485672,-0.432490199804306,0.6261523962020874,0.4746054410934448,-0.8213116526603699,0.2588315308094024,0.4043596982955932,-0.4149198830127716,0.4475646913051605,0.4378145635128021,-0.8704150319099426,0.2485447824001312,0.3626000881195068,-0.4218071401119232,0.3881954550743103,0.4123483598232269,-0.942581295967102,0.2587445974349975,0.3647750616073608,-0.4787058234214782,0.3836137056350708,0.443475604057312,-0.9601374864578248,0.2822912335395813,0.378700315952301,-0.4317888021469116,0.3947798311710357,0.4538315236568451,-0.8767427206039429,0.3997946381568908,0.4006115794181824,0.028118347749114,0.5409945249557495,0.3869923651218414,-0.027285037562251,0.3811371922492981,0.2377813756465912,0.4343694150447845,0.509519636631012,0.225801482796669,0.3598838448524475,0.3796030879020691,0.1168679594993591,0.965421736240387,0.4697458446025848,0.1107884049415588,0.9201379418373108,0.3924447000026703,0.1032197177410125,1.0101546049118042,0.4578701555728912,0.1014392971992492,0.9685516357421876,0.3527569770812988,0.0350612998008728,0.8484699726104736,0.4699800312519073,0.0229058265686035,0.7859994173049927
fall,0.7436869144439697,0.3455473184585571,-0.0101636201143264,0.7687222957611084,0.3431750535964966,-0.0555335283279418,0.7719932198524475,0.3458583652973175,-0.0554077513515949,0.7753824591636658,0.3487722873687744,-0.0553943440318107,0.7668724656105042,0.344280868768692,-0.0066801961511373,0.7686184644699097,0.347409725189209,-0.0066632344387471,0.7702488899230957,0.3505077064037323,-0.0066655385307967,0.7949720621109009,0.3856786489486694,-0.1682488024234771,0.7901490926742554,0.386829137802124,0.0554280541837215,0.7431875467300415,0.3758690357208252,-0.0423407517373561,0.740747332572937,0.3783544898033142,0.0222447346895933,0.7429995536804199,0.518923819065094,-0.2204426825046539,0.7379847764968872,0.4738782346248626,0.144811138510704,0.5749725699424744,0.5217286348342896,-0.2223101556301117,0.615149974822998,0.4947837591171264,0.2674006819725036,0.4792943894863128,0.4561104476451874,-0.085485890507698,0.5615559220314026,0.4632090330123901,0.2905312478542328,0.4567883610725403,0.4488282203674316,-0.0867887213826179,0.5500739216804504,0.4552508890628814,0.2784005403518677,0.4644072949886322,0.4373493194580078,-0.0917919874191284,0.5551083087921143,0.4465896487236023,0.2696401178836822,0.4741843640804291,0.4419984817504883,-0.0828694254159927,0.5584908723831177,0.4527755677700043,0.2799806594848633,0.4486008286476135,0.5945909023284912,-0.1142418757081031,0.4567397236824035,0.5429967045783997,0.114452064037323,0.2380879670381546,0.6264723539352417,-0.0851559564471244,0.2812663912773132,0.4652395844459533,0.0325965620577335,0.0483438670635223,0.7125262022018433,-0.0097322380170226,0.0939874053001403,0.5568260550498962,0.0940209999680519,0.024284154176712,0.7538309693336487,-0.0073515051044523,0.0680367350578308,0.6128610968589783,0.0946699008345604,-0.0134882628917694,0.625874400138855,-0.1244156062602996,0.0288159251213073,0.4419932663440704,0.0148251969367265
fall,0.9173600673675536,0.3919708430767059,0.054591778665781,0.9333438277244568,0.3687212467193603,0.0632682219147682,0.9342718720436096,0.3689944148063659,0.0631643831729888,0.9353959560394288,0.3694349825382232,0.0628965273499488,0.9298495054244996,0.3605765700340271,0.0191410109400749,0.927893042564392,0.3536403775215149,0.0190479140728712,0.9259219765663148,0.3467930555343628,0.0189190339297056,0.9231806993484496,0.3438831269741058,0.1418159157037735,0.909070611000061,0.3147104978561401,-0.0487051345407962,0.8995405435562134,0.3908014893531799,0.0916717872023582,0.8944709897041321,0.3781173229217529,0.0357745140790939,0.822917103767395,0.4006800651550293,0.2118598669767379,0.8024533987045288,0.2769916951656341,-0.1055360659956932,0.7274530529975891,0.5403480529785156,0.2021128684282302,0.708664059638977,0.4266909062862396,-0.0897265970706939,0.7522417306900024,0.5485175848007202,0.0177792962640523,0.7606731653213501,0.5424981117248535,0.0249689277261495,0.7556815147399902,0.551489531993866,-0.0151947885751724,0.7698138952255249,0.5737254023551941,0.0175433866679668,0.7731338739395142,0.5432334542274475,-0.0233879536390304,0.7812511324882507,0.5600174069404602,0.0207076668739318,0.7706754803657532,0.5368533730506897,0.0034950478002429,0.7777937650680542,0.5486552119255066,0.0317216664552688,0.5880258083343506,0.5337607264518738,0.0926583334803581,0.5621819496154785,0.4622707962989807,-0.0925629064440727,0.4462846517562866,0.7617253065109253,0.0062158829532563,0.3915922939777374,0.6614611744880676,-0.1198807805776596,0.253762811422348,0.8977885246276855,-0.0052655236795544,0.1955238878726959,0.7854025363922119,-0.1639607101678848,0.2166775166988372,0.886540949344635,-0.0111916046589612,0.1593303978443145,0.7751517295837402,-0.1736824363470077,0.2341390550136566,1.023752212524414,-0.1108399927616119,0.1726768910884857,0.9127184748649596,-0.302955687046051
fall,0.8154848217964172,0.3984294533729553,0.1421935558319091,0.8255157470703125,0.385109543800354,0.1767066270112991,0.8257244825363159,0.3858936429023742,0.1767750829458236,0.8262261152267456,0.386666864156723,0.176571786403656,0.8213916420936584,0.3786855936050415,0.1229268163442611,0.8187000751495361,0.3746141195297241,0.1228983476758003,0.815973699092865,0.3706005215644836,0.1229098290205001,0.8071565628051758,0.3752537965774536,0.3274932205677032,0.7915570735931396,0.3544161319732666,0.0910258293151855,0.7945001125335693,0.4022019505500793,0.2023074477910995,0.7890266180038452,0.3937622904777527,0.1326489299535751,0.7294270396232605,0.4262588918209076,0.3923474848270416,0.6713038682937622,0.3429794609546661,-0.0555859468877315,0.6871469616889954,0.5115823745727539,0.3374890089035034,0.610388994216919,0.4273650050163269,-0.2438060492277145,0.6541092991828918,0.5873225927352905,0.0866573229432106,0.6287494897842407,0.5464437007904053,-0.3146967887878418,0.6429453492164612,0.6188863515853882,0.0358842313289642,0.6158521771430969,0.5810905694961548,-0.3685212433338165,0.6390240788459778,0.606867253780365,-0.0013483574148267,0.6430944800376892,0.5879858136177063,-0.3688448071479797,0.6376544833183289,0.5946758389472961,0.0576392449438571,0.641110360622406,0.5774944424629211,-0.3109289705753326,0.559337317943573,0.5435542464256287,0.1248755604028701,0.5021748542785645,0.4999594688415527,-0.1244129240512847,0.5436388254165649,0.7038960456848145,-0.2581487894058227,0.4367282092571258,0.6618652939796448,-0.3882073760032654,0.3980095982551574,0.8659586906433105,-0.3890375792980194,0.27892005443573,0.8178069591522217,-0.5249506831169128,0.3518363237380981,0.8817008137702942,-0.4096101224422455,0.2367731928825378,0.8334802389144897,-0.5449020862579346,0.4290658831596374,0.9349198341369628,-0.5426340103149414,0.30068439245224,0.8884833455085754,-0.7177296280860901
fall,0.6159194111824036,0.2755363583564758,0.1558311730623245,0.6223620176315308,0.2639405131340027,0.2053232192993164,0.6275245547294617,0.2656470835208893,0.2053891271352768,0.6328485608100891,0.2671844363212585,0.2051985114812851,0.6038793325424194,0.2583653330802917,0.165678933262825,0.5957803130149841,0.2559099197387695,0.1656069606542587,0.5876560807228088,0.253525048494339,0.1655575633049011,0.6190462112426758,0.2716806828975677,0.4209768176078796,0.5600645542144775,0.2542926371097564,0.243533119559288,0.6123115420341492,0.292466938495636,0.2380635142326355,0.5890364050865173,0.2856577336788177,0.18574158847332,0.605732262134552,0.3479729294776916,0.5068312883377075,0.4748603701591491,0.3060884177684784,0.104539044201374,0.628185510635376,0.4284263551235199,0.4480803906917572,0.5082784295082092,0.3977166414260864,-0.1262959837913513,0.650851845741272,0.5015873908996582,0.2253406196832656,0.6179028749465942,0.4721822738647461,-0.2000991702079773,0.6636106371879578,0.5296657085418701,0.1747210919857025,0.6355907320976257,0.4995154738426208,-0.2542881369590759,0.652835488319397,0.5204418301582336,0.1430231630802154,0.656808614730835,0.4941552281379699,-0.2466945797204971,0.6448127627372742,0.5124679207801819,0.1964222341775894,0.6473198533058167,0.4890995919704437,-0.1943569630384445,0.5759998559951782,0.5133777260780334,0.1147695407271385,0.4828071594238281,0.5013877749443054,-0.1145327091217041,0.665855348110199,0.6566200256347656,-0.3003580570220947,0.5334231853485107,0.6582778692245483,-0.4267990887165069,0.66718590259552,0.8567436933517456,-0.430546224117279,0.506037175655365,0.8494248390197754,-0.5726637244224548,0.6403807401657104,0.8949068784713745,-0.4539602398872375,0.4898049831390381,0.8832547664642334,-0.5976980328559875,0.7556126713752747,0.8964532613754272,-0.6225459575653076,0.5500969886779785,0.8966563940048218,-0.7905970215797424
fall,0.4019350409507751,0.2558134794235229,0.1384818702936172,0.3960853815078735,0.2420214712619781,0.1631906330585479,0.3952939510345459,0.2416892200708389,0.1631582528352737,0.394571304321289,0.2411471605300903,0.1627781242132187,0.3905379474163055,0.241872951388359,0.1110765561461448,0.3852949440479278,0.2411088496446609,0.1109880656003952,0.3801048994064331,0.2404025346040725,0.1109451502561569,0.3708042502403259,0.2418218404054641,0.2605749368667602,0.3509875535964966,0.2415006607770919,0.0288659259676933,0.3905321955680847,0.2677594423294067,0.180009052157402,0.3830479979515075,0.2665984034538269,0.1115275993943214,0.3662492632865906,0.3086025714874267,0.3486669659614563,0.2842794060707092,0.3009297251701355,-0.1122825145721435,0.4415135085582733,0.3854609131813049,0.4556988179683685,0.4025381803512573,0.3702081739902496,-0.2059302777051925,0.4977801144123077,0.4466244578361511,0.4162826240062713,0.5387395024299622,0.4172935783863067,-0.1948899328708648,0.5213406682014465,0.4638653099536896,0.4258589744567871,0.5670198202133179,0.4382660090923309,-0.2220329940319061,0.5185096263885498,0.4636696279048919,0.3869592845439911,0.5764814615249634,0.4310371875762939,-0.2122093588113784,0.5080664157867432,0.4597620368003845,0.395221084356308,0.5654982924461365,0.4273130893707275,-0.1852333545684814,0.4648036658763885,0.4697433412075043,0.1361686438322067,0.4064644575119018,0.481446772813797,-0.135786697268486,0.661299467086792,0.5595307946205139,-0.1902942359447479,0.5791764855384827,0.6154330372810364,-0.3029203116893768,0.8044463396072388,0.7168198823928833,-0.3166645467281341,0.713288426399231,0.7829040288925171,-0.4748391509056091,0.8073954582214355,0.7524048089981079,-0.3350926041603088,0.7190001010894775,0.8201546669006348,-0.4980389177799225,0.8935052752494812,0.7213633060455322,-0.4494468569755554,0.7923738956451416,0.7936688661575317,-0.6409716010093689
