up,0.5281022787094116,0.1391529440879821,-0.4998814761638641,0.5440041422843933,0.1128953099250793,-0.4705245494842529,0.5576022267341614,0.1117103397846221,-0.4705415368080139,0.5715510845184326,0.1103717684745788,-0.4706428945064544,0.5090489387512207,0.1154665648937225,-0.4670518040657043,0.495226502418518,0.1160461008548736,-0.4669504761695862,0.481409341096878,0.1168059110641479,-0.4669589400291443,0.5945503115653992,0.1219913065433502,-0.2771593034267425,0.4697719812393188,0.12979656457901,-0.2503401041030884,0.5586654543876648,0.1613020896911621,-0.4264180660247803,0.5080140829086304,0.1646856665611267,-0.4181620180606842,0.6908894181251526,0.2519403100013733,-0.1736023426055908,0.4029992222785949,0.2583790719509125,-0.1502958983182907,0.7316228151321411,0.4096748232841491,-0.1025100126862526,0.3920798301696777,0.4227824807167053,-0.1050670966506004,0.7562471628189087,0.5486401915550232,-0.2408054769039154,0.3684352934360504,0.5564356446266174,-0.2411218434572219,0.7760348320007324,0.5938989520072937,-0.2737491726875305,0.3541537523269653,0.5973960757255554,-0.2509577572345733,0.7561635375022888,0.5967851281166077,-0.3390165269374847,0.3639218211174011,0.5991384387016296,-0.3369680941104889,0.7331987023353577,0.5806363224983215,-0.2647532522678375,0.3876078724861145,0.5843518376350403,-0.2749299108982086,0.6285662651062012,0.5764378309249878,0.0030373488552868,0.4764737486839294,0.5754778981208801,-0.0016963444650173,0.6538884043693542,0.738227128982544,0.1513717770576477,0.4720580577850342,0.7391800284385681,0.0952222645282745,0.6415087580680847,0.8495399951934814,0.5049585103988647,0.4941225945949554,0.8460603952407837,0.5554479360580444,0.6180992126464844,0.85810387134552,0.5312800407409668,0.5119250416755676,0.8545006513595581,0.5898154973983765,0.694416880607605,0.9438059329986572,0.3559511303901672,0.4629411399364471,0.9434608221054076,0.41932013630867
up,0.4222674369812011,0.1451674997806549,-0.563541054725647,0.4489143788814544,0.1190238893032074,-0.5478546023368835,0.4637205302715301,0.1185351014137268,-0.5478430390357971,0.4788968861103058,0.117884874343872,-0.5480648875236511,0.4155405759811401,0.119406372308731,-0.5180197954177856,0.4035434424877167,0.1189964115619659,-0.5179175138473511,0.3915040493011474,0.1188002228736877,-0.5178898572921753,0.5170746445655823,0.1297064125537872,-0.3892729580402374,0.3975246250629425,0.1286965608596801,-0.2415598481893539,0.4589592516422272,0.1672319173812866,-0.5028880834579468,0.4090236723423004,0.1675454974174499,-0.460112452507019,0.6246712803840637,0.260980486869812,-0.3191077709197998,0.3496600389480591,0.2581328749656677,-0.0927306786179542,0.6647037267684937,0.4334695935249328,-0.2769347131252289,0.3462238311767578,0.4202002286911011,-0.0071019767783582,0.658678412437439,0.5948235988616943,-0.3235916197299957,0.3112860918045044,0.5465606451034546,-0.1866247057914734,0.6706766486167908,0.6420285701751709,-0.3451007008552551,0.3007970452308655,0.5843437314033508,-0.215273380279541,0.6476046442985535,0.6467386484146118,-0.3975303769111633,0.2991266846656799,0.5850284099578857,-0.2931964099407196,0.6283560395240784,0.6286717057228088,-0.3378176987171173,0.3217146396636963,0.573590874671936,-0.2221846431493759,0.5526291728019714,0.5795010924339294,-0.0636639147996902,0.4115300178527832,0.5730012655258179,0.0648870766162872,0.5628187656402588,0.7474754452705383,0.1862803101539611,0.4048648476600647,0.7315495610237122,0.3268000781536102,0.5697885155677795,0.8646673560142517,0.6163403987884521,0.4277825951576233,0.8385777473449707,0.8499054312705994,0.5708141326904297,0.8716233968734741,0.6513947248458862,0.4516053199768066,0.850348711013794,0.8913702964782715,0.5551623106002808,0.9611262083053588,0.4601597487926483,0.370538055896759,0.92617928981781,0.7293300628662109
up,0.3852186799049377,0.1567498445510864,-0.4934594929218292,0.4144631624221802,0.1280503869056701,-0.5046334266662598,0.4289824962615967,0.1269305050373077,-0.5046535730361938,0.4438707232475281,0.1256445944309234,-0.5049757957458496,0.3859458267688751,0.1292646527290344,-0.4474466443061828,0.3764539957046509,0.1290886402130127,-0.4472832679748535,0.3667953014373779,0.1291471421718597,-0.4471020698547363,0.4922628402709961,0.1336818039417266,-0.4498455822467804,0.3900688290596008,0.1353388726711273,-0.1816532760858535,0.4269711375236511,0.1771254539489746,-0.4684266149997711,0.3829159736633301,0.1786528527736663,-0.3914014995098114,0.6201552152633667,0.2693136930465698,-0.4491965174674988,0.3553805947303772,0.2652572691440582,-0.0386022366583347,0.6520766019821167,0.4594888687133789,-0.4384285509586334,0.3415815234184265,0.4339284300804138,0.0475578904151916,0.6245598196983337,0.6224325299263,-0.4352118372917175,0.3023323118686676,0.5543033480644226,-0.1576574742794037,0.634698212146759,0.6718119382858276,-0.4653776288032532,0.2947775721549988,0.5893446803092957,-0.1988687664270401,0.6071913838386536,0.6717827320098877,-0.5108055472373962,0.2902191281318664,0.5877538919448853,-0.2674673497676849,0.5919983386993408,0.6511924266815186,-0.4441711902618408,0.3134171962738037,0.5764126777648926,-0.1927966922521591,0.5463464260101318,0.619644284248352,-0.1234173998236656,0.4132444262504577,0.605602502822876,0.1250195354223251,0.5578218698501587,0.7986287474632263,0.1330963224172592,0.4012836813926697,0.7598395943641663,0.4087287187576294,0.5594616532325745,0.9237934947013856,0.5158988237380981,0.4293820858001709,0.8520844578742981,0.8685818910598755,0.5736653208732605,0.9342447519302368,0.5490478873252869,0.4566995799541473,0.8665642142295837,0.9087425470352172,0.5066705346107483,1.0146673917770386,0.4051654934883117,0.346511572599411,0.9286401271820068,0.8154230713844299
up,0.3166660070419311,0.144999623298645,-0.484312891960144,0.3449149131774902,0.1161853671073913,-0.511133074760437,0.3582446575164795,0.1147483587265014,-0.5112082362174988,0.3719789087772369,0.1131925582885742,-0.5115372538566589,0.3221285045146942,0.1178423166275024,-0.4456250369548797,0.3155827522277832,0.1177361011505127,-0.4454343020915985,0.308767169713974,0.1178451776504516,-0.4451966285705566,0.4233229458332062,0.120013415813446,-0.5050963163375854,0.341331273317337,0.1233041286468505,-0.1984395235776901,0.3577618598937988,0.165827602148056,-0.4740294814109802,0.3218908905982971,0.1678922474384308,-0.3857370913028717,0.5522793531417847,0.26755091547966,-0.5312979817390442,0.3269200325012207,0.2544500827789306,-0.0335809886455535,0.5935159921646118,0.4766385853290558,-0.5351563096046448,0.3264853060245514,0.436330497264862,0.0877325534820556,0.5437111258506775,0.6469284892082214,-0.559567391872406,0.2870335876941681,0.5501993894577026,-0.0358432382345199,0.5492717027664185,0.6987724900245667,-0.6093592047691345,0.2810447514057159,0.5832701921463013,-0.0630240216851234,0.5146903395652771,0.6923070549964905,-0.6516907811164856,0.2717271745204925,0.5777263641357422,-0.1198526099324226,0.5050778388977051,0.6687936782836914,-0.5687074661254883,0.2907867133617401,0.5670577883720398,-0.06451927870512,0.4754846096038818,0.6266911029815674,-0.1529967635869979,0.3630142509937286,0.6048374176025391,0.154481291770935,0.5005441904067993,0.8149770498275757,0.1129755526781082,0.3573676347732544,0.7497642636299133,0.5059000849723816,0.5024855732917786,0.9570337533950806,0.4947102665901184,0.3906150162220001,0.8453208804130554,0.936294972896576,0.5215394496917725,0.9742449522018432,0.527560293674469,0.4212642908096313,0.8665874004364014,0.9777745008468628,0.4339646399021148,1.0381419658660889,0.4075443744659424,0.2913316488265991,0.9033536314964294,0.9177438616752625
up,0.3784298300743103,0.161231130361557,-0.3616840243339538,0.3999062180519104,0.1291098594665527,-0.4157032966613769,0.4089294075965881,0.1263699531555175,-0.4159374833106994,0.418200671672821,0.1236317157745361,-0.4161244630813598,0.3912685513496399,0.1324334144592285,-0.3492694199085235,0.3910568952560425,0.1327295303344726,-0.3491947948932647,0.3905407190322876,0.1331992745399475,-0.3490530848503113,0.4730743169784546,0.1263032555580139,-0.509563148021698,0.4355875849723816,0.1370421648025512,-0.2054937034845352,0.4170834422111511,0.1804714798927307,-0.3826889991760254,0.3998380303382873,0.1852275729179382,-0.2952065169811249,0.6035845279693604,0.2702506482601166,-0.5416224002838135,0.4742369353771209,0.2619781792163849,-0.0383388809859752,0.6881035566329956,0.4884251654148102,-0.5393439531326294,0.503746509552002,0.4478050470352173,0.1142241507768631,0.5668138861656189,0.6618181467056274,-0.4645700752735138,0.447951078414917,0.5984158515930176,0.1183960288763046,0.5502848625183105,0.713664174079895,-0.4996406137943268,0.4341959357261657,0.6394744515419006,0.120373897254467,0.5224890112876892,0.701382577419281,-0.508247435092926,0.4266412258148193,0.6352722644805908,0.0738079249858856,0.5333772897720337,0.678991973400116,-0.4615227580070495,0.4408909380435943,0.6218274831771851,0.0953544601798057,0.5995795130729675,0.6172181367874146,-0.1574387401342392,0.5260332226753235,0.5933374166488647,0.1590825319290161,0.6027780771255493,0.8144717216491699,0.1129674389958381,0.5578175187110901,0.7766664624214172,0.4372290968894958,0.6165726184844971,0.9728566408157348,0.4858236610889435,0.6119994521141052,0.9042243361473083,0.7529142498970032,0.6443846225738525,0.9963313341140748,0.514787495136261,0.6417098045349121,0.9264025688171388,0.7845162749290466,0.531957745552063,1.0336170196533203,0.4389724135398865,0.5361620783805847,0.9604325294494628,0.7422707080841064
up,0.3098213076591491,0.1476698219776153,-0.3088773488998413,0.3267994523048401,0.1190594434738159,-0.3753378093242645,0.3332058787345886,0.1170558035373687,-0.3754507303237915,0.3398653864860534,0.1150639653205871,-0.3755533397197723,0.3231163620948791,0.1209244132041931,-0.3112730979919433,0.3247870802879333,0.1206050217151641,-0.3111585974693298,0.3263260722160339,0.1204133927822113,-0.3109334707260132,0.3859024047851562,0.1154075264930725,-0.5011373162269592,0.3675301671028137,0.1208795309066772,-0.2114433199167251,0.3391892910003662,0.1656233966350555,-0.3358436524868011,0.3317879438400268,0.1685615181922912,-0.2521476149559021,0.4632338881492615,0.2477689385414123,-0.5409654974937439,0.4511651396751404,0.2228119373321533,-0.0295734088867902,0.4857693910598755,0.458135724067688,-0.5187787413597107,0.4877283275127411,0.4039759933948517,0.0995806828141212,0.399918645620346,0.6389323472976685,-0.4450748264789581,0.4325327575206756,0.5473226308822632,0.1273212134838104,0.392667680978775,0.6855953931808472,-0.5003897547721863,0.423552393913269,0.5798205733299255,0.123651310801506,0.37214195728302,0.6811979413032532,-0.5041738152503967,0.4120135903358459,0.5770575404167175,0.0781254395842552,0.3812824785709381,0.6639054417610168,-0.4434452354907989,0.4189839661121368,0.5700213313102722,0.1055538952350616,0.4844733476638794,0.580117404460907,-0.1566409021615982,0.4780140817165375,0.5503345131874084,0.1580879092216491,0.4833784103393554,0.7667696475982666,0.1778948605060577,0.4885840117931366,0.7266600728034973,0.4727595448493957,0.5159289836883545,0.9253053069114684,0.5406895279884338,0.5195966958999634,0.8589292168617249,0.7938346862792969,0.5427106618881226,0.953098714351654,0.5669332146644592,0.5481270551681519,0.8852795958518982,0.8262258172035217,0.4281054139137268,0.9678289890289308,0.4909464716911316,0.4357927441596985,0.8927468061447144,0.8029724359512329
up,0.4112103879451751,0.1649354100227356,-0.1980439722537994,0.4195673763751983,0.1409132480621338,-0.2632744014263153,0.4227831065654754,0.1406719088554382,-0.2630538940429687,0.4262786507606506,0.1404566168785095,-0.2630573213100433,0.4239729344844818,0.1391816139221191,-0.2033746540546417,0.4268618822097778,0.1380327343940735,-0.2029417753219604,0.4300931990146637,0.137035071849823,-0.202524647116661,0.4544657170772552,0.153020441532135,-0.4436129629611969,0.4617041945457458,0.1469262838363647,-0.163333311676979,0.4305562674999237,0.1880715191364288,-0.2460109889507293,0.4262266755104065,0.1866002380847931,-0.1657266318798065,0.4273710250854492,0.2789823412895202,-0.5411853790283203,0.614059567451477,0.2558643817901611,-0.0724635571241378,0.39829221367836,0.4794975817203522,-0.517909049987793,0.6862741112709045,0.4489873647689819,-0.0706230252981185,0.3418408632278442,0.6365451812744141,-0.3599255681037903,0.6698968410491943,0.5821179151535034,-0.0492038093507289,0.3317781090736389,0.6875594258308411,-0.3842251598834991,0.6772509217262268,0.6205941438674927,-0.037627026438713,0.3227942585945129,0.6832559704780579,-0.3784419596195221,0.6601309180259705,0.6167027354240417,-0.0745910927653312,0.3344290852546692,0.667847752571106,-0.3474013805389404,0.6526757478713989,0.608357846736908,-0.0622514635324478,0.4817116260528564,0.6167228817939758,-0.1476327329874038,0.5945080518722534,0.6003022789955139,0.1499063670635223,0.459424763917923,0.8375047445297241,0.2259438633918762,0.5841555595397949,0.7944652438163757,0.5087056756019592,0.4787518382072449,1.0186541080474854,0.5821847915649414,0.5866016745567322,0.9524809122085572,0.8772374391555786,0.499799907207489,1.0512988567352295,0.6157417297363281,0.5997679829597473,0.9848018288612366,0.9137055277824402,0.4139907956123352,1.0472581386566162,0.6199325919151306,0.5381559729576111,0.9748756885528564,0.9261290431022644
up,0.3878227472305298,0.1397692263126373,-0.1112666651606559,0.391776829957962,0.1177504956722259,-0.1731532216072082,0.3925522565841675,0.1175468564033508,-0.1728899180889129,0.3936606347560882,0.1173758804798126,-0.1728778481483459,0.3996266722679138,0.1156755983829498,-0.1282645016908645,0.4039632081985473,0.1141807436943054,-0.127978965640068,0.4085809588432312,0.1128468215465545,-0.1276935636997223,0.4155572652816772,0.1264422237873077,-0.3543172776699066,0.4367860853672027,0.1186576783657074,-0.1421222686767578,0.4014942646026611,0.1602925658226013,-0.1606805324554443,0.4045414626598358,0.1583639681339264,-0.099665842950344,0.3966183662414551,0.2467808723449707,-0.444839745759964,0.5849763751029968,0.221288651227951,-0.0515119917690753,0.374159038066864,0.4408254623413086,-0.4297709763050079,0.6355923414230347,0.3862741589546203,0.0690666362643241,0.3309604525566101,0.6024466156959534,-0.2900957465171814,0.5780593156814575,0.4748745560646057,0.2718719244003296,0.3228838443756103,0.6462708711624146,-0.3062101304531097,0.5779122710227966,0.4928554892539978,0.3048902750015259,0.3217372298240661,0.6450560688972473,-0.3049750328063965,0.5522210001945496,0.4917634725570678,0.2725978195667267,0.3310311436653137,0.6330231428146362,-0.2813584208488464,0.5482771396636963,0.4919934868812561,0.2634585499763489,0.4706786870956421,0.5767315626144409,-0.1237929612398147,0.5809242129325867,0.5612592697143555,0.1252986192703247,0.4516179263591766,0.7656261920928955,0.3027546405792236,0.5857334733009338,0.7263858914375305,0.5541069507598877,0.494842380285263,0.9311853647232056,0.7121626138687134,0.6001520752906799,0.8687995672225952,0.984872817993164,0.525605320930481,0.9648652076721193,0.7476392388343811,0.6215671896934509,0.9045453071594238,1.0273926258087158,0.4122963845729828,0.9405622482299804,0.7163552045822144,0.5286000370979309,0.869631290435791,1.0270594358444214
up,0.4646643996238708,0.1358601152896881,0.1240283101797103,0.4573936462402344,0.1171299219131469,0.0649543553590774,0.4519038498401642,0.1179786324501037,0.0653278529644012,0.4467645585536957,0.1188214421272277,0.0653792023658752,0.4776903390884399,0.1144168376922607,0.074071854352951,0.4844965636730194,0.1132621169090271,0.0745028108358383,0.4915622472763061,0.112304151058197,0.0748979598283767,0.4470070302486419,0.1372471749782562,-0.1522198915481567,0.5104160308837891,0.1279471218585968,-0.0929715409874916,0.463043600320816,0.1602706015110016,0.0614005923271179,0.4769473671913147,0.1568497717380523,0.077696792781353,0.3764680624008178,0.275609016418457,-0.2672194838523865,0.6436384320259094,0.2465053498744964,-0.1482203155755996,0.3544749319553375,0.4660020768642425,-0.1664294749498367,0.7083622813224792,0.4270380735397339,-0.1014060005545616,0.331335574388504,0.5974478721618652,0.0006469017243944,0.6969496011734009,0.5426416993141174,0.0697554275393486,0.317110538482666,0.6396622061729431,-0.0009567584493197,0.706085205078125,0.5758193731307983,0.0993014127016067,0.3226219415664673,0.6318091154098511,-0.0057225371710956,0.6883711814880371,0.5725035071372986,0.0974981114268302,0.3362360000610351,0.6177959442138672,0.0074810795485973,0.6784893274307251,0.5630767345428467,0.0786010921001434,0.4586837887763977,0.5987409353256226,-0.0377042256295681,0.6188076734542847,0.5827630162239075,0.039381131529808,0.4462296366691589,0.7690038084983826,0.387456476688385,0.6196003556251526,0.7484900951385498,0.4919134974479675,0.4766651690006256,0.9284801483154296,0.737034022808075,0.6296379566192627,0.9000275135040283,0.854369044303894,0.4962195754051208,0.9669401049613952,0.768574059009552,0.635575532913208,0.9387634992599488,0.8918137550354004,0.4369457960128784,0.9122107625007628,0.815516471862793,0.5934150815010071,0.8927610516548157,0.9520916938781738
up,0.444728821516037,0.104509562253952,0.1814191788434982,0.4332130849361419,0.0859993696212768,0.1131877824664115,0.4250869154930115,0.0865632891654968,0.1136908829212188,0.4173601865768432,0.0870826244354248,0.1138406321406364,0.4585375189781189,0.0852290391921997,0.1150461360812187,0.466585099697113,0.0850206613540649,0.1153471618890762,0.4747537672519684,0.0850107073783874,0.1156646236777305,0.4087591767311096,0.1084499061107635,-0.1230449378490448,0.4905893802642822,0.1054945290088653,-0.0981416553258895,0.4372610449790954,0.1299093961715698,0.1132001355290412,0.4571147561073303,0.1283251345157623,0.1196892783045768,0.3063570261001587,0.246459811925888,-0.2169007658958435,0.6107510328292847,0.2383370101451873,-0.1986183077096939,0.2795249819755554,0.429064929485321,-0.0752024427056312,0.677748441696167,0.4256766438484192,-0.2124419212341308,0.2963847517967224,0.5545893907546997,0.1008391827344894,0.6827932000160217,0.5447980165481567,-0.0918314680457115,0.2911502718925476,0.5922378301620483,0.1009122729301452,0.6940255165100098,0.5801825523376465,-0.0825596526265144,0.2953652143478393,0.5883090496063232,0.0898971930146217,0.6792935729026794,0.5762644410133362,-0.0696392878890037,0.307953417301178,0.5772375464439392,0.1026662737131118,0.6674392223358154,0.5651284456253052,-0.0782447084784507,0.3934368193149566,0.588276207447052,0.016456514596939,0.5765089392662048,0.5821528434753418,-0.014723315834999,0.3999533057212829,0.7436873912811279,0.4733741879463196,0.5925806760787964,0.7270040512084961,0.5024471879005432,0.4410824775695801,0.8969061374664307,0.79117751121521,0.6094530820846558,0.8883175253868103,0.8076327443122864,0.454606682062149,0.9362550377845764,0.8199127316474915,0.606981635093689,0.932497262954712,0.8405256867408752,0.4309789538383484,0.8700472116470337,0.8961300253868103,0.6110306978225708,0.8676116466522217,0.9340006709098816
up,0.5604376792907715,0.1481865048408508,-0.1628626137971878,0.5428932905197144,0.127940684556961,-0.1671796441078186,0.538142740726471,0.1270422041416168,-0.1669195592403412,0.5336735248565674,0.126155823469162,-0.1671932190656662,0.5496183037757874,0.1307079792022705,-0.2189597338438034,0.5478406548500061,0.1314205527305603,-0.218816876411438,0.5462056398391724,0.1322220265865326,-0.2186933010816574,0.4968133270740509,0.1367144882678985,-0.1393281519412994,0.5160108804702759,0.1445136964321136,-0.3609183728694916,0.5419594645500183,0.1693650782108307,-0.1368073523044586,0.5450502038002014,0.1714669167995453,-0.2014589756727218,0.3791267871856689,0.2470496594905853,-0.04340435937047,0.5061661005020142,0.2760124802589416,-0.4475220739841461,0.3917067646980285,0.4156119525432586,0.1577155292034149,0.5480601191520691,0.4614601731300354,-0.4002782702445984,0.4928048849105835,0.507170557975769,0.2980615496635437,0.6187760829925537,0.5994443297386169,-0.2789175808429718,0.5058785676956177,0.528571605682373,0.3209954798221588,0.6266934275627136,0.6442099213600159,-0.3215959668159485,0.5241127610206604,0.5244502425193787,0.2785481214523315,0.6435863971710205,0.6321818828582764,-0.3268484771251678,0.5229415893554688,0.5205808877944946,0.2822712659835815,0.6338263750076294,0.6165434718132019,-0.2779386639595032,0.4224130511283874,0.5436971783638,0.1327169984579086,0.4906956851482391,0.568484902381897,-0.1309060156345367,0.4253552854061126,0.6926108598709106,0.446358323097229,0.517096757888794,0.748027503490448,0.183035522699356,0.4076479077339172,0.8347519040107727,0.7872126698493958,0.5058284997940063,0.9044871926307678,0.5138980746269226,0.3854317665100097,0.8661483526229858,0.81801438331604,0.4795931875705719,0.9357428550720216,0.5415177345275879,0.4830544292926788,0.8434175252914429,0.8136817812919617,0.5902773141860962,0.920210301876068,0.4820852279663086
up,0.4261218607425689,0.1351322829723358,-0.4091403186321258,0.4070325195789337,0.1126900911331176,-0.400423139333725,0.4041061997413635,0.1119170784950256,-0.4002949893474579,0.4015763103961944,0.1110687255859375,-0.4005538821220398,0.4064303934574127,0.1152303516864776,-0.4693121016025543,0.4010693728923797,0.1159166991710662,-0.4693113267421722,0.3957657217979431,0.1167091727256774,-0.4693730771541595,0.3597345352172851,0.1212460994720459,-0.2848877608776092,0.3521816432476043,0.1287009716033935,-0.5831303000450134,0.4070411324501037,0.1571809947490692,-0.3498303592205047,0.4016760587692261,0.1588545739650726,-0.4367084801197052,0.2928991317749023,0.2239494621753692,-0.0915180221199989,0.2926871180534363,0.275581419467926,-0.6417609453201294,0.3303596973419189,0.3880998194217682,0.1366090327501297,0.3390631675720215,0.4627212584018707,-0.6227080821990967,0.4187131822109222,0.497967928647995,0.1660230010747909,0.4582238793373108,0.601454496383667,-0.5137381553649902,0.4329417943954468,0.5246957540512085,0.1591858267784118,0.4750950932502746,0.6486755013465881,-0.5816418528556824,0.4471004605293274,0.5218490362167358,0.0979045554995536,0.5018676519393921,0.6288022994995117,-0.5864098072052002,0.440087080001831,0.5184680223464966,0.1381469964981079,0.4905970990657806,0.6122885346412659,-0.5131513476371765,0.3509334027767181,0.5241919159889221,0.1760316640138626,0.3498328626155853,0.5624315142631531,-0.1746330112218856,0.3732199668884277,0.6801917552947998,0.4921040534973144,0.4034278392791748,0.7442654967308044,0.1365320384502411,0.3544309139251709,0.8353910446166992,0.8824766874313354,0.4164998531341553,0.910502314567566,0.4962698519229889,0.3285354673862457,0.8677163124084473,0.9150835275650024,0.3875201642513275,0.94525545835495,0.5243431925773621,0.4478108286857605,0.8562253713607788,0.8736065626144409,0.5272958874702454,0.9316757917404176,0.4030494093894958
up,0.4175038933753967,0.138563334941864,-0.4183633327484131,0.395554631948471,0.1140809655189514,-0.4055030345916748,0.3933701813220978,0.1128547489643096,-0.4054101109504699,0.3915795385837555,0.1115623712539672,-0.4055974185466766,0.392418622970581,0.1170358657836914,-0.4768811166286468,0.3855770230293274,0.117609828710556,-0.4769994020462036,0.3787381947040558,0.1182630360126495,-0.4769635498523712,0.3462785482406616,0.1196003258228302,-0.2748357355594635,0.3297131657600403,0.1292479038238525,-0.5843809247016907,0.3981933295726776,0.159638911485672,-0.3556901812553406,0.3891522884368896,0.162292331457138,-0.4451339840888977,0.303699791431427,0.2341558039188385,-0.0930776968598365,0.2533526420593261,0.2751054763793945,-0.6075897216796875,0.336982250213623,0.4107779264450073,0.0905804336071014,0.30229252576828,0.4683429300785064,-0.5738689303398132,0.4202722907066345,0.5422080755233765,0.0660779774188995,0.3925505876541137,0.6023247241973877,-0.4795764684677124,0.4353850185871124,0.5703414082527161,0.0472575388848781,0.4041146039962768,0.6398433446884155,-0.5361548662185669,0.4489965736865997,0.5710569620132446,-0.0086115412414073,0.4234362244606018,0.6253921389579773,-0.5453619956970215,0.437565416097641,0.5650460124015808,0.0382620655000209,0.418522447347641,0.6107943058013916,-0.4816101789474487,0.3371370434761047,0.5353966355323792,0.1731632500886917,0.3050435781478882,0.5681402683258057,-0.1719996184110641,0.3834283649921417,0.697984516620636,0.4899524450302124,0.3397887945175171,0.7591485381126404,0.1173945367336273,0.3799099922180176,0.8500530123710632,0.8924766182899475,0.3449512720108032,0.9286928176879884,0.476375013589859,0.3538419306278229,0.8807158470153809,0.9250874519348145,0.319409966468811,0.9610941410064696,0.5021457076072693,0.4772444665431976,0.8830680847167969,0.8565770983695984,0.4425995945930481,0.9671193361282348,0.3488353490829468
up,0.4667919874191284,0.233315110206604,-0.7350921630859375,0.4820518791675567,0.2143401801586151,-0.70233154296875,0.4928312599658966,0.2143846750259399,-0.7024262547492981,0.5037881731987,0.2143123745918274,-0.7024698853492737,0.4548961222171783,0.2139593958854675,-0.6968494057655334,0.4442498683929443,0.2135623097419738,-0.6966626644134521,0.4335426092147827,0.2133110463619232,-0.6968660950660706,0.5207141637802124,0.2252685129642486,-0.4927624464035034,0.4240443408489227,0.2230907380580902,-0.4567593932151794,0.4884393215179443,0.2529167830944061,-0.655186116695404,0.4483204483985901,0.2522713243961334,-0.6446554660797119,0.5947503447532654,0.3382083475589752,-0.354909211397171,0.3559918999671936,0.334604799747467,-0.325205385684967,0.6240180134773254,0.4795019626617431,-0.3121820092201233,0.3539434969425201,0.4750725328922272,-0.2656364738941192,0.6374689936637878,0.589860200881958,-0.5306355357170105,0.3604940772056579,0.5868200659751892,-0.4773675501346588,0.6469156742095947,0.6240783333778381,-0.6089826226234436,0.3603380024433136,0.622928261756897,-0.5449394583702087,0.6360860466957092,0.6209480166435242,-0.6695484519004822,0.3679570257663727,0.6175894737243652,-0.6136616468429565,0.6203052997589111,0.6072819828987122,-0.5598978400230408,0.381312608718872,0.6031669974327087,-0.510144054889679,0.5318770408630371,0.5827582478523254,-0.0277823880314826,0.4070076942443847,0.5812932848930359,0.029107866808772,0.5352748036384583,0.7310289740562439,0.129343569278717,0.4133801460266113,0.7243826389312744,0.1830786317586898,0.5411137342453003,0.8393823504447937,0.6025964617729187,0.4336352348327636,0.824840247631073,0.7930323481559753,0.5396109223365784,0.8473373651504517,0.6383824944496155,0.4503551125526428,0.8376195430755615,0.8412025570869446,0.5293136239051819,0.9182223081588744,0.4382821321487427,0.3986373841762543,0.8946259617805481,0.6663066148757935
up,0.4172192811965942,0.2325245141983032,-0.674913763999939,0.4312472939491272,0.2088288366794586,-0.6389386057853699,0.4436019659042358,0.2081131637096405,-0.6388786435127258,0.45618337392807,0.2072800993919372,-0.6388258337974548,0.3995586037635803,0.2104190289974212,-0.6419359445571899,0.3866382539272308,0.210682988166809,-0.6417859792709351,0.3737491965293884,0.2111183404922485,-0.6419588923454285,0.4727385938167572,0.2191412448883056,-0.414368212223053,0.3594921827316284,0.2236071228981018,-0.4220184683799743,0.4426768720149994,0.2536064684391022,-0.5894754528999329,0.3955959975719452,0.255631685256958,-0.5908949971199036,0.5534560680389404,0.3398438096046448,-0.2657590210437774,0.2878062725067138,0.3531333208084106,-0.3229965269565582,0.5903798341751099,0.4826174974441528,-0.1850250363349914,0.280273824930191,0.5132327079772949,-0.280255526304245,0.5904515981674194,0.5974389910697937,-0.421889990568161,0.2961655259132385,0.6389782428741455,-0.4463730752468109,0.5965574383735657,0.6373685598373413,-0.5037391185760498,0.2934337854385376,0.680429220199585,-0.506933331489563,0.575681209564209,0.6326009631156921,-0.5594710111618042,0.3160120248794555,0.6745554208755493,-0.5700237154960632,0.5601629614830017,0.6169974207878113,-0.4492934942245483,0.3303670883178711,0.6559509634971619,-0.473102867603302,0.5008701086044312,0.6139945387840271,0.0119086243212223,0.3665412664413452,0.6213362216949463,-0.0105608133599162,0.5029674768447876,0.7578214406967163,0.282222032546997,0.3662586212158203,0.7771629095077515,0.1432693153619766,0.4959734678268432,0.8644012808799744,0.7018736600875854,0.3766801953315735,0.8908382654190063,0.6435730457305908,0.4779781103134155,0.8766761422157288,0.7331763505935669,0.389018714427948,0.9017986059188844,0.6771472096443176,0.5432195067405701,0.938913881778717,0.5563516020774841,0.362303614616394,0.9750540256500244,0.4815392196178436
up,0.4425467252731323,0.1984741687774658,-0.7018762826919556,0.4372782111167907,0.1760285496711731,-0.6544633507728577,0.4452414512634277,0.1754146814346313,-0.6544834971427917,0.453519731760025,0.1747713088989257,-0.6546974778175354,0.410459816455841,0.1771382987499237,-0.7028501629829407,0.3964392244815826,0.1770908534526825,-0.7027625441551208,0.3824883997440338,0.1772385835647583,-0.7028904557228088,0.4317171573638916,0.1836908757686615,-0.3836256265640259,0.3390807509422302,0.1883963644504547,-0.5946164727210999,0.4467979073524475,0.2196539938449859,-0.5963459014892578,0.4068752825260162,0.2210927903652191,-0.6574451923370361,0.467512845993042,0.306148499250412,-0.1564493030309677,0.2438598573207855,0.3303365111351013,-0.5608901381492615,0.4725716114044189,0.4433472156524658,0.0264350101351737,0.2356079816818237,0.5046679973602295,-0.5387620329856873,0.4994776844978332,0.5385882258415222,-0.2181757539510727,0.2826912403106689,0.6368996500968933,-0.6442040801048279,0.5028815269470215,0.5739172697067261,-0.2727463841438293,0.2872048914432525,0.6883543133735657,-0.7063717842102051,0.5109632015228271,0.5675017833709717,-0.3513326942920685,0.319583922624588,0.6719355583190918,-0.7516282200813293,0.4970654249191284,0.5556349754333496,-0.2578006982803345,0.3258056342601776,0.647811770439148,-0.6565179824829102,0.462862879037857,0.5873129963874817,0.1123338788747787,0.3489733934402466,0.6068947911262512,-0.1110349521040916,0.4634166359901428,0.7130640149116516,0.5490539073944092,0.3458669781684875,0.7547087669372559,0.1966322213411331,0.4260192215442657,0.8067102432250977,1.1023980379104614,0.3385254144668579,0.8646887540817261,0.7360427379608154,0.400164395570755,0.8250924348831177,1.150700569152832,0.3243789076805115,0.8814713954925537,0.7805519700050354,0.4955231547355652,0.8648057579994202,1.0505024194717407,0.3892924785614013,0.9399543404579164,0.6093451380729675
up,0.47356978058815,0.1647802889347076,-0.4658159911632538,0.4494050145149231,0.1412728130817413,-0.4511767625808716,0.448579341173172,0.1394108533859253,-0.4510652124881744,0.4482648968696594,0.1374732255935669,-0.4511718153953552,0.441857099533081,0.1460883617401123,-0.5229778289794922,0.4328917264938354,0.1474277973175048,-0.5231258273124695,0.4240548312664032,0.1489044725894928,-0.5233013033866882,0.4041737020015716,0.1438158452510833,-0.3062331974506378,0.3722032308578491,0.160494863986969,-0.6233246922492981,0.4577505886554718,0.184556096792221,-0.3988082706928253,0.4438511431217193,0.1895735263824463,-0.4905829727649688,0.4065300822257995,0.2508839964866638,-0.1325776278972625,0.2814805507659912,0.3008516430854797,-0.6369370818138123,0.4394876658916473,0.4013874530792236,0.1223569214344024,0.2958846390247345,0.4802705645561218,-0.6342772245407104,0.4871188402175903,0.5233950018882751,0.1367601454257965,0.3670747578144073,0.607393205165863,-0.5693299174308777,0.4972723424434662,0.5555504560470581,0.1368116736412048,0.3699851632118225,0.6484951972961426,-0.6087253093719482,0.4998299777507782,0.5575243830680847,0.0780087634921073,0.3964576721191406,0.6346055865287781,-0.6227773427963257,0.48835489153862,0.5503829717636108,0.1132019534707069,0.3998985886573791,0.617825984954834,-0.5698533058166504,0.4410001933574676,0.5363160967826843,0.1682641357183456,0.3700236976146698,0.5679459571838379,-0.1672876924276352,0.446004182100296,0.6535495519638062,0.5997101068496704,0.3884862959384918,0.7158650159835815,0.1848513334989547,0.4033357799053192,0.7641200423240662,1.069502830505371,0.3855175971984863,0.8448486924171448,0.602258563041687,0.3718880414962768,0.7920375466346741,1.1107040643692017,0.3593234717845917,0.8714805841445923,0.6365348100662231,0.4959811568260193,0.7906111478805542,1.063767671585083,0.4801658689975738,0.8863090872764587,0.5024866461753845
up,0.4444433748722076,0.1812990009784698,-0.3842117488384247,0.4208788573741913,0.1582306027412414,-0.3695130944252014,0.4187377691268921,0.1569690108299255,-0.3692723214626312,0.4170083403587341,0.1556670367717743,-0.3694979548454284,0.4169158339500427,0.1616932451725006,-0.4433026015758514,0.4097466170787811,0.1625385582447052,-0.4433493018150329,0.402636170387268,0.1635238230228424,-0.4433486759662628,0.3734903931617737,0.1639524698257446,-0.2381797432899475,0.3552071452140808,0.1753999590873718,-0.5582221746444702,0.4279473423957824,0.20206019282341,-0.3220849335193634,0.4182905554771423,0.2054368257522583,-0.4148109853267669,0.3420820236206054,0.2713083624839782,-0.0519301109015941,0.2835007309913635,0.3138493001461029,-0.6144519448280334,0.371439516544342,0.4301090240478515,0.1275739520788192,0.2837004661560058,0.4970172941684723,-0.6013692021369934,0.4359064698219299,0.5616669058799744,0.1056606918573379,0.3849245011806488,0.6324195861816406,-0.50765460729599,0.4483621418476105,0.5921546220779419,0.0960670486092567,0.3979832828044891,0.6749275922775269,-0.5591608881950378,0.4621078968048095,0.5941289663314819,0.0385371558368206,0.4257898330688476,0.6592956781387329,-0.5644625425338745,0.4528700411319732,0.5878994464874268,0.0773340985178947,0.4191393852233886,0.6444690823554993,-0.5052967667579651,0.3704954087734222,0.5719378590583801,0.1797199696302414,0.3378144800662994,0.5991878509521484,-0.1787418574094772,0.3743039071559906,0.719138503074646,0.51249760389328,0.3523566126823425,0.7486882209777832,0.1517080217599868,0.3390237689018249,0.8557479977607727,0.9174495935440063,0.3466294705867767,0.8875962495803833,0.5593448281288147,0.3082625567913055,0.8843318223953247,0.9504697918891908,0.3175275325775146,0.9152084589004515,0.5899431109428406,0.4414316713809967,0.88818359375,0.8747262954711914,0.4485333561897278,0.9281005859375,0.4449939429759979
up,0.4632504880428314,0.1882885992527008,-0.2888925969600677,0.4445924162864685,0.1639839708805084,-0.2876883447170257,0.4409395754337311,0.1630990803241729,-0.287361204624176,0.4375925660133362,0.1621874570846557,-0.2877027094364166,0.4465226233005523,0.1663274765014648,-0.3533559739589691,0.4418386220932007,0.166628897190094,-0.3533564805984497,0.437210202217102,0.1670560240745544,-0.3533181548118591,0.3963350653648376,0.1716307401657104,-0.2053981125354766,0.3972321152687073,0.1780276000499725,-0.4880594611167907,0.4434746503829956,0.2098735272884369,-0.2408854216337204,0.4403863847255707,0.2115830779075622,-0.3235483467578888,0.3083077073097229,0.276322454214096,-0.0551424883306026,0.3701007068157196,0.312394767999649,-0.5483079552650452,0.3200929164886474,0.450386643409729,0.1161582395434379,0.4021808505058288,0.4989857375621795,-0.5253216028213501,0.3699903786182403,0.5801282525062561,0.2003901749849319,0.4605824649333954,0.6446785926818848,-0.4206894636154175,0.3733047842979431,0.6116361618041992,0.203184112906456,0.4684096574783325,0.6876623034477234,-0.4784320592880249,0.385819673538208,0.6091999411582947,0.161341905593872,0.4810989499092102,0.6754035949707031,-0.4842625558376312,0.3850953280925751,0.6027078628540039,0.1830341964960098,0.4748803377151489,0.6615074872970581,-0.4206389784812927,0.3554179966449737,0.6008628010749817,0.1697174459695816,0.3898339569568634,0.6259239315986633,-0.1682880818843841,0.3600747585296631,0.7412279844284058,0.5572169423103333,0.3941002488136291,0.7760674953460693,0.2294763922691345,0.3555826544761657,0.8702677488327026,0.9739137887954712,0.3743657767772674,0.908476948738098,0.6630944609642029,0.3317926824092865,0.89900803565979,1.0103663206100464,0.3485219478607178,0.9382003545761108,0.7006784081459045,0.4436325430870056,0.8946928977966309,0.9529815316200256,0.4478825330734253,0.9357300996780396,0.596184253692627
up,0.458627313375473,0.1462332606315612,-0.1424571722745895,0.4433363080024719,0.1203654408454895,-0.1528915166854858,0.4388213455677032,0.118889570236206,-0.1525892615318298,0.4345928132534027,0.1173622608184814,-0.1530401557683944,0.4484985172748565,0.1246988177299499,-0.208443209528923,0.4454664587974548,0.1259255409240722,-0.2083250880241394,0.4425524771213531,0.1272622346878051,-0.2078629434108734,0.3946201503276825,0.1304352879524231,-0.1406136304140091,0.40737384557724,0.1424828767776489,-0.3704510331153869,0.4362672567367553,0.1710690855979919,-0.1183478385210037,0.4372169375419616,0.1745947897434234,-0.1857327967882156,0.242249995470047,0.2426066696643829,-0.0758075192570686,0.420900285243988,0.2964626550674438,-0.4535587131977081,0.2799420952796936,0.4284636378288269,0.0730287283658981,0.4592121839523315,0.5070450901985168,-0.4318294525146484,0.3662064373493194,0.5573013424873352,0.1298105716705322,0.5027554035186768,0.6316347718238831,-0.2988232374191284,0.3792347013950348,0.5831303596496582,0.1199543550610542,0.5129638314247131,0.668883740901947,-0.3505067527294159,0.3887202739715576,0.5855051279067993,0.0822076275944709,0.5111792087554932,0.6547864675521851,-0.3567778766155243,0.3887100219726562,0.5826329588890076,0.1120183020830154,0.4984167218208313,0.643106997013092,-0.3008846342563629,0.3079499006271362,0.6279784440994263,0.120967611670494,0.4230276942253113,0.6556680798530579,-0.1187033951282501,0.3119717538356781,0.7780811786651611,0.5263530015945435,0.4299564659595489,0.7915800213813782,0.3756068348884582,0.3279111087322235,0.9202179312705994,0.8736756443977356,0.4110967814922333,0.9383960366249084,0.7753744125366211,0.3151480853557586,0.9539209604263306,0.906937539577484,0.3880013227462768,0.9758930206298828,0.8171559572219849,0.3911586403846741,0.9186249375343324,0.9122446179389954,0.4710715413093567,0.9385682940483092,0.8238343000411987
up,0.4228171706199646,0.1604725122451782,-0.0531517155468463,0.4120598137378692,0.13772714138031,-0.1037353351712226,0.4063882231712341,0.1387531161308288,-0.1032195389270782,0.4010840654373169,0.1397714614868164,-0.103364884853363,0.4288190007209778,0.1355759501457214,-0.1114756166934967,0.4327690899372101,0.1348941326141357,-0.11126409471035,0.4369114935398102,0.1343855261802673,-0.1106743812561035,0.3871510922908783,0.1620727181434631,-0.2310553789138794,0.4389346837997436,0.1539844274520874,-0.2533527016639709,0.414680540561676,0.1903788447380066,-0.0817583799362182,0.4245338439941406,0.1868637204170227,-0.088787242770195,0.2705967724323272,0.3023481369018554,-0.2654953300952911,0.5299955010414124,0.3048976957798004,-0.3101115226745605,0.2721564173698425,0.4921718835830688,-0.1705251038074493,0.5962876081466675,0.5080932974815369,-0.3216786980628967,0.3535038232803345,0.623799204826355,-0.0262873154133558,0.5968775153160095,0.6429250836372375,-0.2865114510059356,0.3615805506706238,0.6581187844276428,-0.0250574257224798,0.6069313287734985,0.6818678975105286,-0.3214990794658661,0.3728657960891723,0.6597306132316589,-0.0397638641297817,0.5884674191474915,0.6785085201263428,-0.3304024934768677,0.3774109482765198,0.6509146094322205,-0.0298524256795644,0.5761694312095642,0.6670523881912231,-0.2896074950695038,0.3388470411300659,0.683822751045227,0.0272871516644954,0.48789182305336,0.6828950047492981,-0.0248811896890401,0.3533520996570587,0.8466242551803589,0.4352650046348572,0.4833106398582458,0.8264188170433044,0.4239721000194549,0.3767874240875244,0.9907911419868468,0.811160683631897,0.4748669564723968,0.9683252573013306,0.8360836505889893,0.3813779950141907,1.0261268615722656,0.8492825031280518,0.4701153337955475,1.004892110824585,0.8768970370292664,0.3897654116153717,0.9841890931129456,0.8789394497871399,0.4752936959266662,0.9675387144088744,0.9052902460098268
up,0.283527672290802,0.1660285592079162,-0.2313859909772873,0.2923834323883056,0.1405982971191406,-0.3049671649932861,0.2936170101165771,0.1410512328147888,-0.3047256171703338,0.295141726732254,0.1416082382202148,-0.304830938577652,0.3027818500995636,0.137609601020813,-0.2519014775753021,0.3084186911582947,0.1360756754875183,-0.2515018582344055,0.3144134879112243,0.1347470879554748,-0.2511686384677887,0.3211677670478821,0.1595397591590881,-0.509990930557251,0.3502306044101715,0.1488305926322937,-0.2604786157608032,0.2998998165130615,0.1954469084739685,-0.2870220839977264,0.3011530041694641,0.1920225620269775,-0.2154595553874969,0.2814303040504455,0.3118281662464142,-0.5627804398536682,0.5164934396743774,0.2882987856864929,-0.2256647944450378,0.2716740071773529,0.523901104927063,-0.4935813248157501,0.5675787925720215,0.4810118079185486,-0.1241383478045463,0.2458233833312988,0.6722228527069092,-0.2991769313812256,0.5065356492996216,0.6042803525924683,0.0108148613944649,0.2357066571712494,0.7183603048324585,-0.3109593987464905,0.5035423636436462,0.6374693512916565,0.0228013377636671,0.2377530634403228,0.7142003178596497,-0.3058641254901886,0.4825643002986908,0.6366521120071411,-0.010703245177865,0.2512524127960205,0.6991080641746521,-0.2893467247486114,0.477110743522644,0.6295861005783081,0.0007632182678207,0.3377492725849151,0.6794905662536621,-0.0985611751675605,0.4755150079727173,0.6719492673873901,0.1010284125804901,0.3412552177906036,0.8690683841705322,0.4141990840435028,0.4803578853607178,0.8310215473175049,0.6234002113342285,0.3842222690582275,1.0313193798065186,0.9282919764518738,0.4958285093307495,0.962720513343811,1.1659339666366575,0.4058555066585541,1.0669634342193604,0.9795722365379332,0.5067978501319885,0.9973914623260498,1.2223045825958252,0.3380889892578125,1.0303250551223757,1.0025675296783447,0.4572569727897644,0.9542582631111144,1.260061740875244
up,0.32277911901474,0.150378406047821,-0.2923037707805633,0.3421417772769928,0.123392105102539,-0.3631089627742767,0.3478803336620331,0.1230448186397552,-0.3631292879581451,0.3538817763328552,0.1227797865867614,-0.3632364571094513,0.3413867056369781,0.1220835447311401,-0.2929355800151825,0.3440889120101928,0.1209542751312255,-0.2928107976913452,0.3468853533267975,0.1199524104595184,-0.2925281822681427,0.3963036835193634,0.1311140060424804,-0.525918185710907,0.3876966536045074,0.1256607770919799,-0.205316737294197,0.3474627435207367,0.1743642389774322,-0.3318982124328613,0.3418444991111755,0.1734723448753357,-0.239532470703125,0.4236979186534881,0.2697299718856811,-0.5714932084083557,0.5037710070610046,0.2390039265155792,-0.0518079549074173,0.4414992928504944,0.4797134101390838,-0.5744782090187073,0.5377544164657593,0.4284470677375793,0.0372730530798435,0.3844376802444458,0.6423585414886475,-0.4559236764907837,0.482656180858612,0.558032751083374,0.0252591483294963,0.380310595035553,0.6855738759040833,-0.5028467178344727,0.477708488702774,0.5871715545654297,0.0143827591091394,0.3693501353263855,0.6807055473327637,-0.4945206046104431,0.4611227214336395,0.5839999318122864,-0.0306142773479223,0.3786444962024688,0.6671342253684998,-0.4489641487598419,0.4634059369564056,0.5795232653617859,0.002517849439755,0.4399538934230804,0.6033768057823181,-0.1631305962800979,0.4860184788703918,0.5822184681892395,0.1649812161922454,0.4312326312065124,0.7672379612922668,0.2716779708862304,0.481027752161026,0.7465559244155884,0.5580989718437195,0.4713889956474304,0.9072941541671752,0.7743192315101624,0.4996974468231201,0.8659381866455078,1.015837788581848,0.4975728690624237,0.9376035332679749,0.8151108622550964,0.5251436829566956,0.8972377181053162,1.062873363494873,0.3874005079269409,0.9241756200790404,0.7321271300315857,0.4083535969257355,0.8705874085426331,1.02672278881073
up,0.2998888194561004,0.166771799325943,-0.3208615481853485,0.3244279623031616,0.1392077505588531,-0.3826082050800323,0.3319513201713562,0.1382564008235931,-0.3828544616699219,0.3397244215011596,0.1373445689678192,-0.383128821849823,0.3200200200080871,0.1395238637924194,-0.3145924806594848,0.3218816220760345,0.1390421986579895,-0.3145458996295929,0.3236005306243896,0.1386649906635284,-0.3143426179885864,0.3903646767139435,0.1446717679500579,-0.507845938205719,0.3687775433063507,0.1449892818927765,-0.1996186375617981,0.3297057151794433,0.1898572742938995,-0.350953072309494,0.3195058107376098,0.1907037794589996,-0.2624569833278656,0.4715620279312134,0.2989576458930969,-0.5504235625267029,0.4254885911941528,0.262209951877594,-0.0263484772294759,0.5053341388702393,0.5090826749801636,-0.508000373840332,0.4444275796413421,0.4503960013389587,0.0957730636000633,0.4186640977859497,0.6553135514259338,-0.4635182619094848,0.3725491166114807,0.5785356163978577,0.0820546820759773,0.4113835990428924,0.6968547701835632,-0.5334732532501221,0.357437252998352,0.6079415678977966,0.0758575648069381,0.3874154388904571,0.6880350112915039,-0.5351464152336121,0.3460365533828735,0.6030284762382507,0.0286368951201438,0.3945575356483459,0.6706200242042542,-0.4642156362533569,0.3548990488052368,0.5960486531257629,0.0571097619831562,0.4401013851165771,0.6080785989761353,-0.1558011323213577,0.4160228073596954,0.5778682231903076,0.1572131961584091,0.463371992111206,0.7831305861473083,0.1224886402487754,0.4224380552768707,0.74915611743927,0.4439882636070251,0.479284405708313,0.9324040412902832,0.514022946357727,0.4680794477462768,0.8792577385902405,0.7538771629333496,0.5000713467597961,0.9591343402862548,0.543525755405426,0.4944810271263122,0.9075675010681152,0.7857822179794312,0.399809867143631,0.9701076149940492,0.4810898303985595,0.3861125111579895,0.9058531522750854,0.7678086161613464
up,0.2661111652851105,0.1725901961326599,-0.4727668762207031,0.2962086200714111,0.1462787687778473,-0.5116484761238098,0.3072074651718139,0.1458209156990051,-0.5116822123527527,0.3185962438583374,0.145242691040039,-0.5118442177772522,0.2808967232704162,0.1459275782108307,-0.4460502862930298,0.2776966691017151,0.1452020108699798,-0.4460766017436981,0.2742156386375427,0.1446982324123382,-0.44625124335289,0.3734274208545685,0.1528729200363159,-0.5555471777915955,0.3136219382286072,0.149561196565628,-0.2519515752792358,0.3037505745887756,0.1943616271018982,-0.4800712466239929,0.2780167162418365,0.1938592791557312,-0.3928889334201813,0.5118783116340637,0.3004985451698303,-0.5593838095664978,0.288277268409729,0.2677336037158966,-0.1307398676872253,0.5310458540916443,0.504630446434021,-0.5529588460922241,0.2918990552425384,0.4393227696418762,-0.0253664404153823,0.4821764826774597,0.6591287851333618,-0.5294973254203796,0.2709687948226928,0.5808337926864624,-0.1085175275802612,0.4857712984085083,0.7014270424842834,-0.5735533833503723,0.2639580368995666,0.6192106008529663,-0.1314455270767212,0.4637821018695831,0.6970120668411255,-0.6099240183830261,0.2649023234844208,0.6181941628456116,-0.1931052953004837,0.4562072455883026,0.6782054901123047,-0.5394055843353271,0.2855605781078338,0.6070838570594788,-0.1376587003469467,0.4387963116168976,0.6069256067276001,-0.1316236853599548,0.3288010656833648,0.5816320776939392,0.1327343434095382,0.4490202367305755,0.7715674042701721,0.1937703937292099,0.3621512949466705,0.7195565700531006,0.5086785554885864,0.4721428453922272,0.892807126045227,0.5719457268714905,0.4306175112724304,0.8078066110610962,0.975533366203308,0.4964852333068847,0.9048808813095092,0.6025200486183167,0.4626452028751373,0.8222808241844177,1.0202003717422483,0.40041384100914,0.9708908796310424,0.479206770658493,0.353056937456131,0.870049238204956,0.965044379234314
up,0.2913139462471008,0.1641976237297058,-0.6569963097572327,0.3233845829963684,0.136590301990509,-0.6694783568382263,0.3376345038414001,0.136313796043396,-0.6695392727851868,0.3522011339664459,0.1358731985092163,-0.6698517799377441,0.2966901063919067,0.1357442438602447,-0.6131114363670349,0.2880459427833557,0.1350063681602478,-0.6130682826042175,0.2792292833328247,0.1344930529594421,-0.6132591366767883,0.4017138481140136,0.1448420584201812,-0.6133376359939575,0.3059113621711731,0.1403038799762725,-0.3532120883464813,0.331871747970581,0.1861771643161773,-0.6306495070457458,0.2897796928882599,0.1853173971176147,-0.5556346774101257,0.5314183235168457,0.2944697141647339,-0.555995523929596,0.2725182473659515,0.2635270953178406,-0.1959422826766967,0.5619609951972961,0.4834168553352356,-0.5064265131950378,0.2901492714881897,0.4127609133720398,-0.0541377812623977,0.533456563949585,0.6109240055084229,-0.4923748970031738,0.3051952421665191,0.5336435437202454,-0.1869125068187713,0.5397096276283264,0.6461399793624878,-0.5287550687789917,0.312825083732605,0.5687239766120911,-0.2194624543190002,0.5264853835105896,0.6476573348045349,-0.5655319690704346,0.3092758059501648,0.5702474117279053,-0.2872501313686371,0.5102489590644836,0.6316413283348083,-0.5010643601417542,0.3251374959945678,0.5574114322662354,-0.2188535630702972,0.464611679315567,0.5790985226631165,-0.1131720468401908,0.3409189581871032,0.562045156955719,0.1141506731510162,0.4849640727043152,0.7355812788009644,0.2561856806278229,0.3657364547252655,0.70046466588974,0.5293668508529663,0.4999414682388305,0.8548604249954224,0.6820682287216187,0.4096166789531708,0.7978698015213013,1.0529767274856567,0.515322744846344,0.8639841079711914,0.7153741121292114,0.4366663098335266,0.8129985928535461,1.097672700881958,0.4496626853942871,0.940948486328125,0.5323726534843445,0.3391789197921753,0.8648707866668701,0.9842420816421508
up,0.3843254745006561,0.1736681759357452,-0.5732571482658386,0.4140742719173431,0.14615198969841,-0.5602529048919678,0.429311066865921,0.1458706855773925,-0.5603540539741516,0.4448657035827636,0.1454226076602935,-0.5606565475463867,0.3813365995883941,0.145867109298706,-0.5291078090667725,0.3698968589305877,0.1453611552715301,-0.5291032195091248,0.3583618402481079,0.145071804523468,-0.5292613506317139,0.4881749749183655,0.1572901606559753,-0.4166340827941894,0.3697587549686432,0.1545697450637817,-0.2721190750598907,0.4232532978057861,0.1972012817859649,-0.517446756362915,0.3735172748565674,0.1971774697303772,-0.4758206903934479,0.6069080829620361,0.2947482168674469,-0.3171206712722778,0.3174265623092651,0.2945865392684936,-0.1671974062919616,0.6467570066452026,0.4702326655387878,-0.2458389401435852,0.3241787850856781,0.46341073513031,-0.0925353616476059,0.6458188891410828,0.5878742933273315,-0.3683970868587494,0.3584285378456116,0.5782852172851562,-0.3162204921245575,0.65581214427948,0.6269149780273438,-0.429637461900711,0.3698856234550476,0.6168606281280518,-0.3909852206707001,0.6373400092124939,0.6224762797355652,-0.4768738448619842,0.3827812075614929,0.6076129078865051,-0.4464214444160461,0.6179987192153931,0.6064199209213257,-0.3856859803199768,0.3959215879440307,0.5905382633209229,-0.3428529798984527,0.5555376410484314,0.6006549596786499,-0.0462786853313446,0.415691614151001,0.5993756651878357,0.0478243455290794,0.5862739086151123,0.7345854043960571,0.2576539814472198,0.4388601183891296,0.7234150171279907,0.3726856112480163,0.5838814973831177,0.8331040143966675,0.6762491464614868,0.474621057510376,0.8061423301696777,0.9367240071296692,0.5828934907913208,0.8398174047470093,0.7094020843505859,0.4979281425476074,0.8177720308303833,0.983822762966156,0.5709227919578552,0.919468641281128,0.5374418497085571,0.4253150224685669,0.8797646760940552,0.8453648686408997
up,0.4374108016490936,0.2376081943511963,-0.6292479634284973,0.4537655413150787,0.2161373496055603,-0.5952967405319214,0.4659280776977539,0.2159273326396942,-0.5953224301338196,0.4783461987972259,0.215584397315979,-0.5953365564346313,0.4231309294700622,0.216659277677536,-0.5931944847106934,0.4109867811203003,0.216634452342987,-0.5930721163749695,0.3988382220268249,0.2167775928974151,-0.5932919383049011,0.4982921183109283,0.2288796305656433,-0.3928645551204681,0.3886732459068298,0.229677677154541,-0.3761605620384216,0.4635761678218841,0.2599656879901886,-0.5536479949951172,0.4177475571632385,0.2605569064617157,-0.5482185482978821,0.5847689509391785,0.3538609147071838,-0.2679697871208191,0.3176240622997284,0.3570855855941772,-0.2744693458080292,0.6165761351585388,0.5007240772247314,-0.1917491555213928,0.300896942615509,0.5066463351249695,-0.2180574387311935,0.626069188117981,0.6190167665481567,-0.4091743528842926,0.3144401013851166,0.6235036253929138,-0.4128958880901336,0.6348530650138855,0.6588515639305115,-0.4851619303226471,0.314517080783844,0.6643044352531433,-0.4768184423446655,0.6175726056098938,0.6551988124847412,-0.542054295539856,0.3351099193096161,0.6566020846366882,-0.5409239530563354,0.600487470626831,0.6394968032836914,-0.4356446862220764,0.34987872838974,0.6391768455505371,-0.4404041469097137,0.5289117097854614,0.6211289763450623,-0.0079673957079648,0.3942354917526245,0.6251497268676758,0.0093086026608943,0.5377394556999207,0.7648396492004395,0.2517324984073639,0.4008211493492126,0.7732713222503662,0.1754983961582183,0.5387527346611023,0.8653696775436401,0.6696712374687195,0.4308036267757416,0.872951865196228,0.7037308812141418,0.5290037989616394,0.8732415437698364,0.7012958526611328,0.4478164911270141,0.8816152811050415,0.7436887621879578,0.557634174823761,0.9475284814834596,0.5323752164840698,0.4081808030605316,0.9558507204055786,0.5789927840232849
fall,0.6051993370056152,0.430158257484436,0.327485978603363,0.6119589805603027,0.4250152111053467,0.3092556893825531,0.6116597652435303,0.4248156249523163,0.3094382584095001,0.6116111874580383,0.4246227443218231,0.3091807961463928,0.6147992610931396,0.4275951981544494,0.3323623538017273,0.6167043447494507,0.4288234114646911,0.3323700428009033,0.6184785962104797,0.4302479028701782,0.3322024941444397,0.6140307188034058,0.4328112006187439,0.2196180671453476,0.6248356103897095,0.4406459331512451,0.3269101083278656,0.6018389463424683,0.4387165606021881,0.2961581945419311,0.6035584211349487,0.4402212798595428,0.3275106549263,0.5798009634017944,0.4659991562366485,0.121888093650341,0.6282559633255005,0.489525705575943,0.3074933588504791,0.5552514791488647,0.4125688672065735,0.120593748986721,0.6495159864425659,0.4526413679122925,0.4075752794742584,0.5897911190986633,0.3390575647354126,0.1397352665662765,0.6850012540817261,0.3777384757995605,0.4258726239204407,0.5937178134918213,0.3161731958389282,0.1121015846729278,0.7044912576675415,0.3596582412719726,0.4172731041908264,0.6124492883682251,0.3190625011920929,0.1224018186330795,0.696581244468689,0.3513408899307251,0.3914238214492798,0.6129610538482666,0.3298622071743011,0.140503391623497,0.685901403427124,0.357754111289978,0.4123846590518951,0.4586304724216461,0.5693527460098267,-0.0636238306760788,0.4803855121135711,0.5831526517868042,0.0637956485152244,0.3548782467842102,0.6720399260520935,-0.2201869189739227,0.319277286529541,0.6593526005744934,-0.077877439558506,0.2328604310750961,0.7898572087287903,-0.3763631284236908,0.1555787920951843,0.7494664192199707,-0.2339651584625244,0.2245231121778488,0.8095463514328003,-0.3960946202278137,0.1317057907581329,0.7642091512680054,-0.2540530562400818,0.1728579998016357,0.8093130588531494,-0.4789257347583771,0.1066229939460754,0.759002685546875,-0.3405722975730896
fall,0.6203177571296692,0.4501867592334747,0.4484796524047851,0.6305690407752991,0.4461127519607544,0.4857921004295349,0.6318072080612183,0.4490874111652374,0.4859103858470917,0.6333073377609253,0.4519178867340088,0.4856453537940979,0.6255310773849487,0.4372726082801819,0.4644229114055633,0.6234461665153503,0.4335899949073791,0.4642230868339538,0.6211351156234741,0.4300162196159363,0.46397665143013,0.6252688765525818,0.4530746042728424,0.6309105157852173,0.60849928855896,0.4237237870693207,0.5415464639663696,0.6090708374977112,0.4596587419509887,0.5004231929779053,0.6029848456382751,0.4488456845283508,0.4737911820411682,0.5988091826438904,0.503441572189331,0.6636401414871216,0.5391438603401184,0.423575758934021,0.4070581197738647,0.6205834746360779,0.5521636009216309,0.6140939593315125,0.5809406638145447,0.4781396090984344,0.2910387814044952,0.6477483510971069,0.4922660291194916,0.6371625661849976,0.7036963701248169,0.4789793491363525,0.4329118430614471,0.6555758118629456,0.4757567942142486,0.6135565638542175,0.7375614643096924,0.4799590706825256,0.4276434183120727,0.6593652963638306,0.4725465476512909,0.6470189094543457,0.7325253486633301,0.4688825011253357,0.4424367249011993,0.652696967124939,0.4774164259433746,0.6403565406799316,0.7191272974014282,0.4712906181812286,0.442663311958313,0.4886073768138885,0.5882099866867065,0.0680865123867988,0.4267290830612182,0.54459547996521,-0.0679886415600776,0.4524738788604736,0.7088463306427002,-0.2900361716747284,0.3436269164085388,0.6591764092445374,-0.298872709274292,0.3738663792610168,0.866068959236145,-0.4489964544773102,0.1984792053699493,0.7892124652862549,-0.4501558840274811,0.3479849994182586,0.8844550848007202,-0.4691633880138397,0.1705927848815918,0.8032276034355164,-0.4710403084754944,0.3817014098167419,0.9240612387657166,-0.6013840436935425,0.1887982189655304,0.8491563200950623,-0.6091854572296143
fall,0.4243973791599273,0.447810411453247,0.3791693747043609,0.4301542043685913,0.4399783015251159,0.4061109125614166,0.4328435659408569,0.4410767257213592,0.4059367775917053,0.4356282949447632,0.4419779777526855,0.4056016504764557,0.4212705790996551,0.4353962540626526,0.3853774964809418,0.4181022047996521,0.4331931471824646,0.3854056596755981,0.4149047434329986,0.4311196208000183,0.3853574395179748,0.4339360296726227,0.4415339827537536,0.5188630819320679,0.4052923023700714,0.4275234341621399,0.4315255880355835,0.4238396286964416,0.4569210410118103,0.4212183058261871,0.413570761680603,0.4521082043647766,0.3950135707855224,0.4398850202560425,0.4858491718769073,0.5771821737289429,0.3604213297367096,0.4349003136157989,0.2903981506824493,0.5052840709686279,0.5381819605827332,0.541869044303894,0.4350243508815765,0.4818853139877319,0.1969084739685058,0.5199459195137024,0.4987295567989349,0.4454313516616821,0.5274720788002014,0.4712527692317962,0.2587985098361969,0.5309484601020813,0.4903781414031982,0.4058690369129181,0.549736738204956,0.4728472232818603,0.2416764497756958,0.5268353223800659,0.4791367053985595,0.4135439693927765,0.5503661036491394,0.4664493203163147,0.2378684133291244,0.5191645622253418,0.4831394553184509,0.436480700969696,0.5405017733573914,0.469920665025711,0.2613040804862976,0.4090250432491302,0.5933138132095337,0.0880143642425537,0.3443141579627991,0.5751298069953918,-0.0877538323402404,0.4909082949161529,0.7137554883956909,-0.2180718928575515,0.3827465176582336,0.6964000463485718,-0.2969719767570495,0.5491005182266235,0.8694839477539062,-0.3485036790370941,0.3497254550457001,0.8541074395179749,-0.4284029006958008,0.5354807376861572,0.8994770050048828,-0.3671149611473083,0.332713633775711,0.8805357217788696,-0.4451171159744262,0.6270122528076172,0.8999953269958496,-0.4938639402389526,0.3990848064422607,0.8974835872650146,-0.5788298845291138
fall,0.201687142252922,0.4715530276298523,0.4574156403541565,0.1938086897134781,0.4659314751625061,0.4623636901378631,0.1920315623283386,0.4679528176784515,0.462417721748352,0.1903163939714431,0.4697983562946319,0.4620499312877655,0.1954398900270462,0.460279643535614,0.4257269501686096,0.1944036483764648,0.4581691920757293,0.4258332252502441,0.1933459490537643,0.4561329483985901,0.4258460998535156,0.1786350756883621,0.4761173725128174,0.4599856734275818,0.1833523213863372,0.4578940868377685,0.2979682087898254,0.1980643421411514,0.4834643006324768,0.4605953097343445,0.1982305645942688,0.4771813154220581,0.4128080308437347,0.1772574782371521,0.5501586198806763,0.4690368771553039,0.1783691644668579,0.4831738770008087,0.0864148214459419,0.240481749176979,0.5986217856407166,0.4666032791137695,0.2774239778518677,0.4908196032047272,-0.0464708805084228,0.2839051187038421,0.5972045660018921,0.3240236937999725,0.3249054849147796,0.4625948667526245,-0.0582514442503452,0.2946107983589172,0.5973753929138184,0.3226045668125152,0.3339915573596954,0.4544578790664673,-0.067834585905075,0.2968742847442627,0.5901866555213928,0.3037551045417785,0.3267716765403747,0.4580397009849548,-0.048861775547266,0.2919574677944183,0.5877944827079773,0.3113555908203125,0.3239445984363556,0.4639148712158203,-0.0472644306719303,0.3064682185649872,0.6684626936912537,0.1342177540063858,0.320559561252594,0.6368534564971924,-0.1338771730661392,0.5162712335586548,0.7417896389961243,0.0036167472135275,0.5606876611709595,0.6813657283782959,-0.2197861969470977,0.6820676922798157,0.8461288213729858,-0.1433434337377548,0.7796149253845215,0.7565455436706543,-0.4039362370967865,0.6923838257789612,0.8718172311782837,-0.1634979844093322,0.7994979619979858,0.7847115397453308,-0.4197716116905212,0.7592916488647461,0.8406789302825928,-0.2198196053504943,0.8588988780975342,0.7323878407478333,-0.4805456697940826
fall,0.1770298182964325,0.4807039499282837,0.1834209710359573,0.1717027723789215,0.4611870050430298,0.2116140276193618,0.1772889494895935,0.4569069743156433,0.2112969905138015,0.1827365159988403,0.4524233341217041,0.2111889570951461,0.1552064418792724,0.4727901518344879,0.2102865427732467,0.1481274664402008,0.4765406548976898,0.2102397978305816,0.1411908566951751,0.4804676175117492,0.2096189558506012,0.1940063834190368,0.4511331617832184,0.3823674023151397,0.1357467472553253,0.4879769682884216,0.3702148199081421,0.1996103227138519,0.4847776293754577,0.2444093525409698,0.1771625578403473,0.499597817659378,0.2399027496576309,0.2918568253517151,0.4691553115844726,0.3700453042984009,0.1768718063831329,0.5722084045410156,0.4618854820728302,0.3358201384544372,0.4996238052845001,0.4008781313896179,0.0602199733257293,0.5576709508895874,0.609483540058136,0.2152925282716751,0.5306663513183594,0.495386928319931,0.1200791299343109,0.5262569189071655,1.0487231016159058,0.1808083653450012,0.5397040843963623,0.481091558933258,0.1292955875396728,0.5128867626190186,1.0925520658493042,0.187356561422348,0.5339809060096741,0.5106547474861145,0.1461790204048156,0.5264273285865784,1.1046985387802124,0.1979084610939026,0.5347481369972229,0.5022016167640686,0.1492641866207122,0.5302780270576477,1.0519932508468628,0.4820004403591156,0.6158106327056885,-0.0102932564914226,0.4196962118148803,0.696648359298706,0.0108651388436555,0.7225119471549988,0.726172924041748,-0.1747531294822693,0.6009508967399597,0.8486232757568359,-0.2928912937641144,0.9672303795814514,0.825635552406311,-0.2753905355930328,0.8927760124206543,0.9223523139953612,-0.3504687249660492,0.9968051314353944,0.8395525217056274,-0.29301518201828,0.9467464685440063,0.9107751846313475,-0.3606400489807129,1.0586249828338623,0.8700594902038574,-0.4900529682636261,0.9495508670806884,1.0067204236984253,-0.5301048159599304
fall,0.1858500689268112,0.6058053374290466,-0.4737390577793121,0.1655164062976837,0.6105376482009888,-0.4937837123870849,0.1619278788566589,0.6123495697975159,-0.4938703179359436,0.1580481231212616,0.6138145327568054,-0.4940534830093384,0.1750521957874298,0.611717700958252,-0.5408868193626404,0.1772861331701278,0.6151416897773743,-0.5408878326416016,0.1797279268503189,0.6185368299484253,-0.5409881472587585,0.1534021198749542,0.6338691711425781,-0.4757857322692871,0.1812521070241928,0.6441760659217834,-0.6818633675575256,0.1966687887907028,0.6179283857345581,-0.4462501108646393,0.2028766721487045,0.6189245581626892,-0.5061248540878296,0.1897290796041488,0.6931913495063782,-0.305422842502594,0.283790647983551,0.677919328212738,-0.6513213515281677,0.2668978869915008,0.6324477791786194,0.0275572650134563,0.3865216076374054,0.5831851959228516,-0.530537486076355,0.2610299289226532,0.567844569683075,0.1610766351222992,0.3143976032733917,0.5325109362602234,-0.3305392265319824,0.2576210796833038,0.5512017011642456,0.180153340101242,0.3035826683044433,0.5174325704574585,-0.3728309273719787,0.2573318779468536,0.5453556776046753,0.1293480694293975,0.285729318857193,0.5352962613105774,-0.3766065835952759,0.265963613986969,0.5528375506401062,0.1436799764633178,0.2851176559925079,0.5409500598907471,-0.3317992091178894,0.3952441215515136,0.6403118968009949,0.1181917190551757,0.4549638330936432,0.6354525089263916,-0.1176366060972213,0.4188665747642517,0.5306535363197327,0.471615731716156,0.5226088762283325,0.5323361754417419,0.3327773213386535,0.5097792148590088,0.4658286571502685,0.9419184327125548,0.5899738669395447,0.471116304397583,0.8193280100822449,0.5383546948432922,0.4677806794643402,0.9879319667816162,0.6131287813186646,0.4732671678066253,0.8703051805496216,0.4917840957641601,0.4113078415393829,0.9552410244941713,0.5694839954376221,0.4129484295845032,0.8261789679527283
fall,0.3629231750965118,0.6898645758628845,-0.7706067562103271,0.3491177260875702,0.7106912732124329,-0.8099431395530701,0.341692566871643,0.7129800319671631,-0.8098869919776917,0.3340372145175934,0.7154277563095093,-0.8099237680435181,0.3738705813884735,0.7102706432342529,-0.8446303009986877,0.3855171501636505,0.713060200214386,-0.8445023894309998,0.3971530497074127,0.7155064344406128,-0.8449196815490723,0.3361793756484985,0.7349931001663208,-0.7575615048408508,0.4346143305301666,0.7359635829925537,-0.9154067039489746,0.3679469227790832,0.686972975730896,-0.7213259935379028,0.3926855325698852,0.6881115436553955,-0.7666720151901245,0.3376693427562713,0.7338408827781677,-0.5515557527542114,0.5342237949371338,0.714309573173523,-0.7703360319137573,0.2974909245967865,0.656816840171814,-0.2008061707019806,0.4859974980354309,0.6158627867698669,-0.5406854152679443,0.3701570630073547,0.6075187921524048,-0.1012312695384025,0.3401995897293091,0.6471933126449585,-0.2928929328918457,0.379876434803009,0.5873094797134399,-0.1087099462747573,0.2971963882446289,0.6507062911987305,-0.3092724978923797,0.3913958370685577,0.5964142680168152,-0.1236459463834762,0.3096317648887634,0.6685933470726013,-0.313337117433548,0.3961811363697052,0.6049576997756958,-0.1053465232253074,0.3220872581005096,0.6705329418182373,-0.2882128059864044,0.3791987895965576,0.565318763256073,0.0672795698046684,0.4750435054302215,0.5484215617179871,-0.0665955767035484,0.3217393159866333,0.4761233925819397,0.4321886599063873,0.4307229220867157,0.434834212064743,0.2764828205108642,0.3066151738166809,0.4034709930419922,0.9530192017555236,0.38399538397789,0.38717120885849,0.895903468132019,0.3229344487190246,0.3928771615028381,1.0071971416473389,0.3815099596977234,0.3850917816162109,0.9631729125976562,0.2501148581504822,0.3559174835681915,0.977163314819336,0.3502629995346069,0.3329684138298034,0.9286434054374696
fall,0.6355987787246704,0.3931410014629364,-0.021105358377099,0.6525686979293823,0.3842446208000183,-0.0458154156804084,0.6574445962905884,0.3850908279418945,-0.0458665639162063,0.6626163721084595,0.3860314488410949,-0.0459434129297733,0.646747887134552,0.3827622532844543,0.0051312264986336,0.6472020149230957,0.382386565208435,0.0052616917528212,0.6475600004196167,0.3821011781692505,0.0053327875211834,0.687798023223877,0.3950842320919037,-0.1042193099856376,0.6691380143165588,0.3889780044555664,0.1371167302131652,0.6457008719444275,0.407548725605011,-0.0403648614883422,0.6384754180908203,0.4059122800827026,0.0299696717411279,0.7072243094444275,0.4619898200035095,-0.2413748204708099,0.6406038999557495,0.4472319781780243,0.2680681347846985,0.5685831308364868,0.4781095683574676,-0.3275247514247894,0.5148563981056213,0.4800867438316345,0.3036978542804718,0.4205450713634491,0.4322443604469299,-0.2880450487136841,0.3831480145454407,0.4714869558811188,0.1660078018903732,0.3827835321426391,0.4253422319889068,-0.3208395838737488,0.3496473431587219,0.4703594744205475,0.1685818582773208,0.3920607566833496,0.4140770435333252,-0.3147851228713989,0.3523091673851013,0.4640830457210541,0.119061142206192,0.4042407274246216,0.4174826145172119,-0.2790156900882721,0.367261677980423,0.4667722582817077,0.1410155594348907,0.4925649464130401,0.5798165798187256,-0.1563832610845565,0.4607348144054413,0.5540096759796143,0.1566876620054245,0.2605201601982116,0.5564702153205872,-0.2387388348579406,0.2498038709163665,0.5429571866989136,0.0652452558279037,0.0976931452751159,0.680492639541626,-0.1224555075168609,0.0878062844276428,0.6610720753669739,0.1659245193004608,0.0961212515830993,0.7075470089912415,-0.107364647090435,0.0857759714126586,0.6896829605102539,0.1700540482997894,-0.0078309178352355,0.6886021494865417,-0.1829400509595871,-0.0141401290893554,0.6754255890846252,0.065278984606266
fall,0.6583918333053589,0.4692446589469909,0.0456385463476181,0.6781108379364014,0.4639953374862671,0.0059828190132975,0.6815831661224365,0.464973509311676,0.0059614377096295,0.6852965354919434,0.4660993218421936,0.0059700654819607,0.6761828660964966,0.4639502167701721,0.0722592249512672,0.6779874563217163,0.4648034572601318,0.0723451822996139,0.6796802878379822,0.4657654762268066,0.0723814889788627,0.7055345773696899,0.4782964587211609,-0.1075439304113388,0.6989319324493408,0.4779864549636841,0.1984281241893768,0.659999668598175,0.4827515482902527,0.0093917259946465,0.6575467586517334,0.4829197525978088,0.0979693755507469,0.6790478229522705,0.5390720367431641,-0.2810508608818054,0.6489590406417847,0.530707836151123,0.3476314544677734,0.532173752784729,0.5325642228126526,-0.3642666041851043,0.5144547820091248,0.5302714109420776,0.4354326725006103,0.4023643434047699,0.4921831786632538,-0.223204955458641,0.3885206878185272,0.5147550106048584,0.2967733144760132,0.3765318691730499,0.4846620559692383,-0.2527752816677093,0.3579371571540832,0.5107951760292053,0.2799383997917175,0.3831024169921875,0.4790371656417846,-0.2336141169071197,0.3679480254650116,0.510058581829071,0.2438158094882965,0.3938376307487488,0.4832337498664856,-0.2080452740192413,0.3803968429565429,0.5102843046188354,0.2731346786022186,0.4339748919010162,0.6263927817344666,-0.192948430776596,0.4246537983417511,0.609474241733551,0.1935057491064071,0.23692487180233,0.5753005743026733,-0.2296647727489471,0.2302928566932678,0.5654187798500061,0.192114770412445,0.0769377648830413,0.6746541857719421,-0.0075959605164825,0.0752834677696228,0.6462113261222839,0.3729304075241089,0.0704958736896514,0.701821506023407,0.0176414176821708,0.0684141218662262,0.67179936170578,0.3829765617847442,-0.0129690766334533,0.6657708287239075,-0.0388103649020195,-0.0114467442035675,0.6451888084411621,0.287693977355957
fall,0.5708116888999939,0.2684813439846039,-0.6615312099456787,0.6003203988075256,0.2359996140003204,-0.6957892179489136,0.6159454584121704,0.2351448237895965,-0.6957989931106567,0.631732702255249,0.2340413331985473,-0.6959351897239685,0.5614194273948669,0.2336787283420562,-0.6820842027664185,0.5477480292320251,0.2302756011486053,-0.6820154190063477,0.5340949296951294,0.2271459102630615,-0.682061493396759,0.6662782430648804,0.2185739576816558,-0.5972317457199097,0.5265290141105652,0.2080985605716705,-0.522221028804779,0.5986959338188171,0.2779387831687927,-0.5951026082038879,0.5529771447181702,0.2743308246135711,-0.5732589364051819,0.7779653668403625,0.2756447494029999,-0.4105277955532074,0.4492180347442627,0.2535319626331329,-0.3244196474552154,0.8085566759109497,0.4135004878044128,-0.1990240812301635,0.3988205790519714,0.3794621229171753,-0.0961178168654441,0.732670247554779,0.4794554710388183,-0.1483928710222244,0.3519935607910156,0.4430013298988342,-0.175359696149826,0.718035876750946,0.4981529414653778,-0.1515771299600601,0.32725390791893,0.4606339633464813,-0.1950155198574066,0.7053918838500977,0.4823571443557739,-0.1735947132110595,0.3388634324073791,0.4559058547019958,-0.2676474452018738,0.6978160738945007,0.4748045802116394,-0.1512343287467956,0.36760413646698,0.4537224173545837,-0.2056754678487777,0.6900916695594788,0.5333382487297058,-0.0495694577693939,0.5225610733032227,0.5284171104431152,0.0503901466727256,0.708997905254364,0.7322908639907837,-0.131651684641838,0.5172715783119202,0.7006859183311462,-0.1037631332874298,0.7628238797187805,0.9176145792007446,0.0293069835752248,0.6325370669364929,0.8736578822135925,0.1537758409976959,0.7741951942443848,0.9401193261146544,0.0376249738037586,0.6737688779830933,0.8906621336936951,0.1735168695449829,0.7390866875648499,1.0136945247650146,-0.1659207791090011,0.5996220707893372,0.9724016189575196,0.0241472441703081
fall,0.3470168709754944,0.1272541284561157,0.0011722637573257,0.3455373644828796,0.1121509075164794,0.0391406752169132,0.3513118922710418,0.1126742660999298,0.0391892865300178,0.3572114109992981,0.1129688322544097,0.0388960838317871,0.3243482112884521,0.1104096472263336,-0.0041922139935195,0.3140394985675812,0.1095327138900756,-0.0044190324842929,0.3037807941436767,0.1086801588535308,-0.004634793382138,0.3368895351886749,0.120950162410736,0.2300294488668441,0.2682827115058899,0.1159817576408386,0.037712313234806,0.3456491231918335,0.1455000936985016,0.0770737901329994,0.3181068897247314,0.143203854560852,0.019520316272974,0.3530971705913543,0.202486976981163,0.3225620985031128,0.1896235346794128,0.2053956538438797,-0.0675185546278953,0.4313982427120209,0.3099111318588257,0.3249472677707672,0.2943723201751709,0.3058109581470489,-0.1895868331193924,0.5309612154960632,0.3709580898284912,0.1463683694601059,0.4631223678588867,0.3236798644065857,-0.1968929320573806,0.5650548338890076,0.3887486457824707,0.1219162419438362,0.5037533640861511,0.3345966935157776,-0.2294448614120483,0.570878267288208,0.3823461830615997,0.0747966766357421,0.5095920562744141,0.32374107837677,-0.2234867364168167,0.5521899461746216,0.3793754875659942,0.1143635809421539,0.4941116273403168,0.3224697709083557,-0.1903050690889358,0.449977695941925,0.3984400331974029,0.1071202084422111,0.3611829876899719,0.427949458360672,-0.1066565960645675,0.6538553237915039,0.5322019457817078,-0.1116023361682891,0.575453519821167,0.5840851664543152,-0.2331399172544479,0.7995995283126831,0.7160364985466003,-0.2112719565629959,0.745980441570282,0.7589942216873169,-0.3561922013759613,0.7947108745574951,0.75079345703125,-0.2269905507564544,0.7483277320861816,0.7906882762908936,-0.3774168193340301,0.9222643375396729,0.7495070695877075,-0.3819440603256225,0.8680243492126465,0.7907435894012451,-0.572867751121521
fall,0.180904358625412,0.2582424879074096,-0.1510457843542099,0.1579076647758484,0.2579243183135986,-0.1307549029588699,0.1580581665039062,0.2534456253051758,-0.1306943893432617,0.158114343881607,0.2485875636339187,-0.1308351904153823,0.1543375253677368,0.2764437198638916,-0.1730528473854065,0.1514533758163452,0.2866931855678558,-0.1732815951108932,0.1486112177371978,0.2968520224094391,-0.1735090464353561,0.1539901793003082,0.2785447835922241,-6.417059921659529e-05,0.1427747309207916,0.3430395126342773,-0.1877801120281219,0.1947174370288849,0.2722844779491424,-0.0944093018770217,0.1895232200622558,0.2971119284629822,-0.1500311195850372,0.2339105308055877,0.3006077110767364,0.1033795848488807,0.2139468193054199,0.4788016378879547,-0.2240314781665802,0.3704122304916382,0.2885544300079345,0.1546958088874817,0.3781163990497589,0.4849040806293487,-0.267292708158493,0.457481324672699,0.2478100657463073,0.004819321911782,0.4520459175109863,0.3137617111206054,-0.2391948997974395,0.4885482788085937,0.2356961965560913,-0.0190009251236915,0.4804775416851043,0.2752334475517273,-0.2678096294403076,0.4795758128166199,0.2300657331943512,-0.0556011646986007,0.4635258913040161,0.2556802630424499,-0.2578003108501434,0.4684998393058777,0.2433520555496215,-0.0182811003178358,0.4535642862319946,0.2712297439575195,-0.2304387390613556,0.4736265838146209,0.3349987268447876,0.090205579996109,0.478056937456131,0.4478497505187988,-0.0899930670857429,0.6803854703903198,0.2678386569023132,0.0282699204981327,0.6921842694282532,0.3677973747253418,-0.1141432896256446,0.874826192855835,0.2441513389348983,0.032656479626894,0.8900960683822632,0.3187690079212188,-0.0837113559246063,0.903750777244568,0.2672702670097351,0.0272025745362043,0.9152581691741944,0.3386803567409515,-0.0882037058472633,0.9443733096122742,0.1508633494377136,-0.098456747829914,0.9701414704322816,0.2180893570184707,-0.2366379499435424
fall,0.2529573738574981,0.5602592825889587,-0.4122994840145111,0.2330018281936645,0.5773506164550781,-0.4051975905895233,0.230858027935028,0.5737495422363281,-0.4052035808563232,0.2284480333328247,0.5699029564857483,-0.4052251875400543,0.2397234141826629,0.5942561626434326,-0.4415138065814972,0.2424589097499847,0.6045982241630554,-0.4416592419147491,0.2452495694160461,0.6149196624755859,-0.4417086839675903,0.2363232970237732,0.5967472791671753,-0.2924769818782806,0.2598130702972412,0.6585193276405334,-0.4536514580249786,0.2700547575950622,0.561133086681366,-0.357075423002243,0.2770223319530487,0.5837627649307251,-0.4044378995895386,0.2816787660121918,0.5675023198127747,-0.1656560450792312,0.4018829464912414,0.6919606924057007,-0.4057784080505371,0.360504686832428,0.4313631951808929,0.0040943752974271,0.5201563239097595,0.5009549260139465,-0.3777333498001098,0.4080609679222107,0.3271007537841797,-0.074080616235733,0.4425655007362366,0.3556762933731079,-0.2772298157215118,0.4225846529006958,0.2925613522529602,-0.0841840207576751,0.4279888272285461,0.3045017719268799,-0.3023472428321838,0.4221453070640564,0.291440486907959,-0.1337678134441375,0.4091186225414276,0.333730936050415,-0.3090386688709259,0.425320953130722,0.3121167421340942,-0.096010036766529,0.4110696911811828,0.3520491123199463,-0.2763538062572479,0.4923371374607086,0.4024328589439392,0.0653465092182159,0.5679441690444946,0.4657573997974396,-0.0649163201451301,0.5729324817657471,0.1713961660861969,0.0971533134579658,0.6485835313796997,0.252950519323349,0.0379887260496616,0.6575563549995422,0.0608425140380859,0.370981752872467,0.7220864295959473,0.0818987786769867,0.2834369242191314,0.6820903420448303,0.0613369941711425,0.3942809104919433,0.7419524788856506,0.0704683065414428,0.3018907904624939,0.6657840013504028,-0.0391874611377716,0.3142331838607788,0.729253888130188,-0.0275900363922119,0.1830996870994568
fall,0.501895546913147,0.7372969388961792,-0.5352808833122253,0.5093018412590027,0.7702345848083496,-0.5467047691345215,0.5069876909255981,0.7751827239990234,-0.5467686057090759,0.5044907331466675,0.7805113196372986,-0.5470212697982788,0.5216869115829468,0.7594772577285767,-0.5734054446220398,0.5290971398353577,0.7573562860488892,-0.5734478831291199,0.536441445350647,0.7549246549606323,-0.5735690593719482,0.5218303799629211,0.796582818031311,-0.4759386777877807,0.5710419416427612,0.7597683668136597,-0.5969753265380859,0.5067490935325623,0.7310458421707153,-0.4932993352413177,0.5212281942367554,0.7212854027748108,-0.5282876491546631,0.4920651614665985,0.7914749979972839,-0.346416175365448,0.6382562518119812,0.622557520866394,-0.4907116889953613,0.3943726122379303,0.7069922089576721,-0.0818721204996109,0.5331463813781738,0.4532703161239624,-0.3833746016025543,0.3604008853435516,0.6142364144325256,0.0795753523707389,0.4265825152397156,0.5531102418899536,-0.1968284249305725,0.3471296727657318,0.5914994478225708,0.1245070472359657,0.3857671618461609,0.5760992765426636,-0.1860974580049514,0.3523209691047668,0.589573860168457,0.1026852652430534,0.4146155714988708,0.6015355587005615,-0.1841496527194976,0.3658260703086853,0.5913880467414856,0.0790751725435257,0.4261992275714874,0.6003820300102234,-0.1882562190294265,0.4310877323150635,0.5187192559242249,0.0477705635130405,0.5007864236831665,0.4257467985153198,-0.047949843108654,0.3076196014881134,0.3999182283878326,0.2283052206039428,0.3657081723213196,0.3100842237472534,0.1947735548019409,0.2315437644720077,0.2902216911315918,0.4910520017147064,0.2691014409065246,0.2261348068714141,0.4980285167694092,0.2337833046913147,0.2601804137229919,0.5150260329246521,0.264496237039566,0.2089762687683105,0.5270333290100098,0.1557101905345916,0.2651450634002685,0.434628963470459,0.1992236375808715,0.1890818476676941,0.4359478056430816
fall,0.429794043302536,0.6213533282279968,-1.1221688985824585,0.4093275070190429,0.6513288021087646,-1.1361225843429563,0.3971865773200989,0.6533759236335754,-1.1363486051559448,0.384830117225647,0.6555684208869934,-1.1365208625793457,0.4447974562644958,0.6516952514648438,-1.1561323404312134,0.4595193564891815,0.6547936797142029,-1.1559453010559082,0.474273145198822,0.6576182842254639,-1.1559866666793823,0.3782618939876556,0.6777769923210144,-0.96152001619339,0.5084788203239441,0.6820193529129028,-1.0568732023239136,0.42239910364151,0.6187998056411743,-1.0291146039962769,0.4634681642055511,0.6207448840141296,-1.0559862852096558,0.332093596458435,0.658776581287384,-0.7072550654411316,0.6304746866226196,0.6346283555030823,-0.8661257028579712,0.2650789618492126,0.53779536485672,-0.432490199804306,0.6261523962020874,0.4746054410934448,-0.8213116526603699,0.2588315308094024,0.4043596982955932,-0.4149198830127716,0.4475646913051605,0.4378145635128021,-0.8704150319099426,0.2485447824001312,0.3626000881195068,-0.4218071401119232,0.3881954550743103,0.4123483598232269,-0.942581295967102,0.2587445974349975,0.3647750616073608,-0.4787058234214782,0.3836137056350708,0.443475604057312,-0.9601374864578248,0.2822912335395813,0.378700315952301,-0.4317888021469116,0.3947798311710357,0.4538315236568451,-0.8767427206039429,0.3997946381568908,0.4006115794181824,0.028118347749114,0.5409945249557495,0.3869923651218414,-0.027285037562251,0.3811371922492981,0.2377813756465912,0.4343694150447845,0.509519636631012,0.225801482796669,0.3598838448524475,0.3796030879020691,0.1168679594993591,0.965421736240387,0.4697458446025848,0.1107884049415588,0.9201379418373108,0.3924447000026703,0.1032197177410125,1.0101546049118042,0.4578701555728912,0.1014392971992492,0.9685516357421876,0.3527569770812988,0.0350612998008728,0.8484699726104736,0.4699800312519073,0.0229058265686035,0.7859994173049927
fall,0.7436869144439697,0.3455473184585571,-0.0101636201143264,0.7687222957611084,0.3431750535964966,-0.0555335283279418,0.7719932198524475,0.3458583652973175,-0.0554077513515949,0.7753824591636658,0.3487722873687744,-0.0553943440318107,0.7668724656105042,0.344280868768692,-0.0066801961511373,0.7686184644699097,0.347409725189209,-0.0066632344387471,0.7702488899230957,0.3505077064037323,-0.0066655385307967,0.7949720621109009,0.3856786489486694,-0.1682488024234771,0.7901490926742554,0.386829137802124,0.0554280541837215,0.7431875467300415,0.3758690357208252,-0.0423407517373561,0.740747332572937,0.3783544898033142,0.0222447346895933,0.7429995536804199,0.518923819065094,-0.2204426825046539,0.7379847764968872,0.4738782346248626,0.144811138510704,0.5749725699424744,0.5217286348342896,-0.2223101556301117,0.615149974822998,0.4947837591171264,0.2674006819725036,0.4792943894863128,0.4561104476451874,-0.085485890507698,0.5615559220314026,0.4632090330123901,0.2905312478542328,0.4567883610725403,0.4488282203674316,-0.0867887213826179,0.5500739216804504,0.4552508890628814,0.2784005403518677,0.4644072949886322,0.4373493194580078,-0.0917919874191284,0.5551083087921143,0.4465896487236023,0.2696401178836822,0.4741843640804291,0.4419984817504883,-0.0828694254159927,0.5584908723831177,0.4527755677700043,0.2799806594848633,0.4486008286476135,0.5945909023284912,-0.1142418757081031,0.4567397236824035,0.5429967045783997,0.114452064037323,0.2380879670381546,0.6264723539352417,-0.0851559564471244,0.2812663912773132,0.4652395844459533,0.0325965620577335,0.0483438670635223,0.7125262022018433,-0.0097322380170226,0.0939874053001403,0.5568260550498962,0.0940209999680519,0.024284154176712,0.7538309693336487,-0.0073515051044523,0.0680367350578308,0.6128610968589783,0.0946699008345604,-0.0134882628917694,0.625874400138855,-0.1244156062602996,0.0288159251213073,0.4419932663440704,0.0148251969367265
fall,0.9173600673675536,0.3919708430767059,0.054591778665781,0.9333438277244568,0.3687212467193603,0.0632682219147682,0.9342718720436096,0.3689944148063659,0.0631643831729888,0.9353959560394288,0.3694349825382232,0.0628965273499488,0.9298495054244996,0.3605765700340271,0.0191410109400749,0.927893042564392,0.3536403775215149,0.0190479140728712,0.9259219765663148,0.3467930555343628,0.0189190339297056,0.9231806993484496,0.3438831269741058,0.1418159157037735,0.909070611000061,0.3147104978561401,-0.0487051345407962,0.8995405435562134,0.3908014893531799,0.0916717872023582,0.8944709897041321,0.3781173229217529,0.0357745140790939,0.822917103767395,0.4006800651550293,0.2118598669767379,0.8024533987045288,0.2769916951656341,-0.1055360659956932,0.7274530529975891,0.5403480529785156,0.2021128684282302,0.708664059638977,0.4266909062862396,-0.0897265970706939,0.7522417306900024,0.5485175848007202,0.0177792962640523,0.7606731653213501,0.5424981117248535,0.0249689277261495,0.7556815147399902,0.551489531993866,-0.0151947885751724,0.7698138952255249,0.5737254023551941,0.0175433866679668,0.7731338739395142,0.5432334542274475,-0.0233879536390304,0.7812511324882507,0.5600174069404602,0.0207076668739318,0.7706754803657532,0.5368533730506897,0.0034950478002429,0.7777937650680542,0.5486552119255066,0.0317216664552688,0.5880258083343506,0.5337607264518738,0.0926583334803581,0.5621819496154785,0.4622707962989807,-0.0925629064440727,0.4462846517562866,0.7617253065109253,0.0062158829532563,0.3915922939777374,0.6614611744880676,-0.1198807805776596,0.253762811422348,0.8977885246276855,-0.0052655236795544,0.1955238878726959,0.7854025363922119,-0.1639607101678848,0.2166775166988372,0.886540949344635,-0.0111916046589612,0.1593303978443145,0.7751517295837402,-0.1736824363470077,0.2341390550136566,1.023752212524414,-0.1108399927616119,0.1726768910884857,0.9127184748649596,-0.302955687046051
fall,0.8154848217964172,0.3984294533729553,0.1421935558319091,0.8255157470703125,0.385109543800354,0.1767066270112991,0.8257244825363159,0.3858936429023742,0.1767750829458236,0.8262261152267456,0.386666864156723,0.176571786403656,0.8213916420936584,0.3786855936050415,0.1229268163442611,0.8187000751495361,0.3746141195297241,0.1228983476758003,0.815973699092865,0.3706005215644836,0.1229098290205001,0.8071565628051758,0.3752537965774536,0.3274932205677032,0.7915570735931396,0.3544161319732666,0.0910258293151855,0.7945001125335693,0.4022019505500793,0.2023074477910995,0.7890266180038452,0.3937622904777527,0.1326489299535751,0.7294270396232605,0.4262588918209076,0.3923474848270416,0.6713038682937622,0.3429794609546661,-0.0555859468877315,0.6871469616889954,0.5115823745727539,0.3374890089035034,0.610388994216919,0.4273650050163269,-0.2438060492277145,0.6541092991828918,0.5873225927352905,0.0866573229432106,0.6287494897842407,0.5464437007904053,-0.3146967887878418,0.6429453492164612,0.6188863515853882,0.0358842313289642,0.6158521771430969,0.5810905694961548,-0.3685212433338165,0.6390240788459778,0.606867253780365,-0.0013483574148267,0.6430944800376892,0.5879858136177063,-0.3688448071479797,0.6376544833183289,0.5946758389472961,0.0576392449438571,0.641110360622406,0.5774944424629211,-0.3109289705753326,0.559337317943573,0.5435542464256287,0.1248755604028701,0.5021748542785645,0.4999594688415527,-0.1244129240512847,0.5436388254165649,0.7038960456848145,-0.2581487894058227,0.4367282092571258,0.6618652939796448,-0.3882073760032654,0.3980095982551574,0.8659586906433105,-0.3890375792980194,0.27892005443573,0.8178069591522217,-0.5249506831169128,0.3518363237380981,0.8817008137702942,-0.4096101224422455,0.2367731928825378,0.8334802389144897,-0.5449020862579346,0.4290658831596374,0.9349198341369628,-0.5426340103149414,0.30068439245224,0.8884833455085754,-0.7177296280860901
fall,0.6159194111824036,0.2755363583564758,0.1558311730623245,0.6223620176315308,0.2639405131340027,0.2053232192993164,0.6275245547294617,0.2656470835208893,0.2053891271352768,0.6328485608100891,0.2671844363212585,0.2051985114812851,0.6038793325424194,0.2583653330802917,0.165678933262825,0.5957803130149841,0.2559099197387695,0.1656069606542587,0.5876560807228088,0.253525048494339,0.1655575633049011,0.6190462112426758,0.2716806828975677,0.4209768176078796,0.5600645542144775,0.2542926371097564,0.243533119559288,0.6123115420341492,0.292466938495636,0.2380635142326355,0.5890364050865173,0.2856577336788177,0.18574158847332,0.605732262134552,0.3479729294776916,0.5068312883377075,0.4748603701591491,0.3060884177684784,0.104539044201374,0.628185510635376,0.4284263551235199,0.4480803906917572,0.5082784295082092,0.3977166414260864,-0.1262959837913513,0.650851845741272,0.5015873908996582,0.2253406196832656,0.6179028749465942,0.4721822738647461,-0.2000991702079773,0.6636106371879578,0.5296657085418701,0.1747210919857025,0.6355907320976257,0.4995154738426208,-0.2542881369590759,0.652835488319397,0.5204418301582336,0.1430231630802154,0.656808614730835,0.4941552281379699,-0.2466945797204971,0.6448127627372742,0.5124679207801819,0.1964222341775894,0.6473198533058167,0.4890995919704437,-0.1943569630384445,0.5759998559951782,0.5133777260780334,0.1147695407271385,0.4828071594238281,0.5013877749443054,-0.1145327091217041,0.665855348110199,0.6566200256347656,-0.3003580570220947,0.5334231853485107,0.6582778692245483,-0.4267990887165069,0.66718590259552,0.8567436933517456,-0.430546224117279,0.506037175655365,0.8494248390197754,-0.5726637244224548,0.6403807401657104,0.8949068784713745,-0.4539602398872375,0.4898049831390381,0.8832547664642334,-0.5976980328559875,0.7556126713752747,0.8964532613754272,-0.6225459575653076,0.5500969886779785,0.8966563940048218,-0.7905970215797424
fall,0.4019350409507751,0.2558134794235229,0.1384818702936172,0.3960853815078735,0.2420214712619781,0.1631906330585479,0.3952939510345459,0.2416892200708389,0.1631582528352737,0.394571304321289,0.2411471605300903,0.1627781242132187,0.3905379474163055,0.241872951388359,0.1110765561461448,0.3852949440479278,0.2411088496446609,0.1109880656003952,0.3801048994064331,0.2404025346040725,0.1109451502561569,0.3708042502403259,0.2418218404054641,0.2605749368667602,0.3509875535964966,0.2415006607770919,0.0288659259676933,0.3905321955680847,0.2677594423294067,0.180009052157402,0.3830479979515075,0.2665984034538269,0.1115275993943214,0.3662492632865906,0.3086025714874267,0.3486669659614563,0.2842794060707092,0.3009297251701355,-0.1122825145721435,0.4415135085582733,0.3854609131813049,0.4556988179683685,0.4025381803512573,0.3702081739902496,-0.2059302777051925,0.4977801144123077,0.4466244578361511,0.4162826240062713,0.5387395024299622,0.4172935783863067,-0.1948899328708648,0.5213406682014465,0.4638653099536896,0.4258589744567871,0.5670198202133179,0.4382660090923309,-0.2220329940319061,0.5185096263885498,0.4636696279048919,0.3869592845439911,0.5764814615249634,0.4310371875762939,-0.2122093588113784,0.5080664157867432,0.4597620368003845,0.395221084356308,0.5654982924461365,0.4273130893707275,-0.1852333545684814,0.4648036658763885,0.4697433412075043,0.1361686438322067,0.4064644575119018,0.481446772813797,-0.135786697268486,0.661299467086792,0.5595307946205139,-0.1902942359447479,0.5791764855384827,0.6154330372810364,-0.3029203116893768,0.8044463396072388,0.7168198823928833,-0.3166645467281341,0.713288426399231,0.7829040288925171,-0.4748391509056091,0.8073954582214355,0.7524048089981079,-0.3350926041603088,0.7190001010894775,0.8201546669006348,-0.4980389177799225,0.8935052752494812,0.7213633060455322,-0.4494468569755554,0.7923738956451416,0.7936688661575317,-0.6409716010093689
